STATION,NAME,LATITUDE,LONGITUDE,ELEVATION,DATE,AWND,AWND_ATTRIBUTES,DAPR,DAPR_ATTRIBUTES,MDPR,MDPR_ATTRIBUTES,PGTM,PGTM_ATTRIBUTES,PRCP,PRCP_ATTRIBUTES,PSUN,PSUN_ATTRIBUTES,SNOW,SNOW_ATTRIBUTES,SNWD,SNWD_ATTRIBUTES,TAVG,TAVG_ATTRIBUTES,TMAX,TMAX_ATTRIBUTES,TMIN,TMIN_ATTRIBUTES,TOBS,TOBS_ATTRIBUTES,MEAN
USC00366886,"PHILADELPHIA FRANKLIN INSTITUTE, PA US",39.95867,-75.1728,18.3,2016-01-01,,,,,,,,,0,",,7,0900",,,0,",,7,",0,",,7,",,,51,",,7",39,",,7",,,45
USC00366886,"PHILADELPHIA FRANKLIN INSTITUTE, PA US",39.95867,-75.1728,18.3,2016-01-02,,,,,,,,,0,",,7,0900",,,0,",,7,",0,",,7,",,,42,",,7",34,",,7",35,",,7,0900",38
USC00366886,"PHILADELPHIA FRANKLIN INSTITUTE, PA US",39.95867,-75.1728,18.3,2016-01-03,,,,,,,,,0,",,7,0900",,,0,",,7,",0,",,7,",,,44,",,7",33,",,7",38,",,7,0900",38.5
USC00366886,"PHILADELPHIA FRANKLIN INSTITUTE, PA US",39.95867,-75.1728,18.3,2016-01-04,,,,,,,,,0,",,7,0900",,,0,",,7,",0,",,7,",,,49,",,7",33,",,7",33,",,7,0900",41
USC00366886,"PHILADELPHIA FRANKLIN INSTITUTE, PA US",39.95867,-75.1728,18.3,2016-01-05,,,,,,,,,0,",,7,0900",,,0,",,7,",0,",,7,",,,34,",,7",11,",,7",16,",,7,0900",22.5
USC00366886,"PHILADELPHIA FRANKLIN INSTITUTE, PA US",39.95867,-75.1728,18.3,2016-01-06,,,,,,,,,0,",,7,0900",,,0,",,7,",0,",,7,",,,32,",,7",11,",,7",28,",,7,0900",21.5
USC00366886,"PHILADELPHIA FRANKLIN INSTITUTE, PA US",39.95867,-75.1728,18.3,2016-01-07,,,,,,,,,0,",,7,0900",,,0,",,7,",0,",,7,",,,41,",,7",23,",,7",36,",,7,0900",32
USC00366886,"PHILADELPHIA FRANKLIN INSTITUTE, PA US",39.95867,-75.1728,18.3,2016-01-08,,,,,,,,,0,",,7,0900",,,0,",,7,",0,",,7,",,,45,",,7",31,",,7",,,38
USC00366886,"PHILADELPHIA FRANKLIN INSTITUTE, PA US",39.95867,-75.1728,18.3,2016-01-09,,,,,,,,,0,",,7,0900",,,0,",,7,",0,",,7,",,,44,",,7",39,",,7",,,41.5
USC00366886,"PHILADELPHIA FRANKLIN INSTITUTE, PA US",39.95867,-75.1728,18.3,2016-01-10,,,,,,,,,0.83,",,7,0900",,,0,",,7,",0,",,7,",,,55,",,7",41,",,7",55,",,7,0900",48
USC00366886,"PHILADELPHIA FRANKLIN INSTITUTE, PA US",39.95867,-75.1728,18.3,2016-01-11,,,,,,,,,0,"T,,7,0900",,,0,"T,,7,",0,",,7,",,,65,",,7",31,",,7",31,",,7,0900",48
USC00366886,"PHILADELPHIA FRANKLIN INSTITUTE, PA US",39.95867,-75.1728,18.3,2016-01-12,,,,,,,,,0,",,7,0900",,,0,",,7,",0,",,7,",,,35,",,7",26,",,7",32,",,7,0900",30.5
USC00366886,"PHILADELPHIA FRANKLIN INSTITUTE, PA US",39.95867,-75.1728,18.3,2016-01-13,,,,,,,,,0,"T,,7,0900",,,0,"T,,7,",0,",,7,",,,45,",,7",22,",,7",23,",,7,0900",33.5
USC00366886,"PHILADELPHIA FRANKLIN INSTITUTE, PA US",39.95867,-75.1728,18.3,2016-01-14,,,,,,,,,0,",,7,0900",,,0,",,7,",0,",,7,",,,29,",,7",20,",,7",29,",,7,0900",24.5
USC00366886,"PHILADELPHIA FRANKLIN INSTITUTE, PA US",39.95867,-75.1728,18.3,2016-01-15,,,,,,,,,0,",,7,0900",,,0,",,7,",0,",,7,",,,46,",,7",26,",,7",41,",,7,0900",36
USC00366886,"PHILADELPHIA FRANKLIN INSTITUTE, PA US",39.95867,-75.1728,18.3,2016-01-16,,,,,,,,,0.3,",,7,0900",,,0,",,7,",0,",,7,",,,53,",,7",34,",,7",45,",,7,0900",43.5
USC00366886,"PHILADELPHIA FRANKLIN INSTITUTE, PA US",39.95867,-75.1728,18.3,2016-01-17,,,,,,,,,0,",,7,0900",,,0,",,7,",0,",,7,",,,53,",,7",36,",,7",37,",,7,0900",44.5
USC00366886,"PHILADELPHIA FRANKLIN INSTITUTE, PA US",39.95867,-75.1728,18.3,2016-01-18,,,,,,,,,0.05,",,7,0900",,,0.1,",,7,",0,"T,,7,",,,37,",,7",19,",,7",21,",,7,0900",28
USC00366886,"PHILADELPHIA FRANKLIN INSTITUTE, PA US",39.95867,-75.1728,18.3,2016-01-19,,,,,,,,,0,",,7,0900",,,0,",,7,",0,",,7,",,,27,",,7",15,",,7",19,",,7,0900",21
USC00366886,"PHILADELPHIA FRANKLIN INSTITUTE, PA US",39.95867,-75.1728,18.3,2016-01-20,,,,,,,,,0,",,7,0900",,,0,",,7,",0,",,7,",,,29,",,7",19,",,7",29,",,7,0900",24
USC00366886,"PHILADELPHIA FRANKLIN INSTITUTE, PA US",39.95867,-75.1728,18.3,2016-01-21,,,,,,,,,0,",,7,0900",,,0,",,7,",0,",,7,",,,36,",,7",24,",,7",29,",,7,0900",30
USC00366886,"PHILADELPHIA FRANKLIN INSTITUTE, PA US",39.95867,-75.1728,18.3,2016-01-22,,,,,,,,,0,",,7,0900",,,0,",,7,",0,",,7,",,,36,",,7",23,",,7",24,",,7,0900",29.5
USC00366886,"PHILADELPHIA FRANKLIN INSTITUTE, PA US",39.95867,-75.1728,18.3,2016-01-23,,,,,,,,,0,",,7,0900",,,,,,,,,27,",,7",22,",,7",,,24.5
USC00366886,"PHILADELPHIA FRANKLIN INSTITUTE, PA US",39.95867,-75.1728,18.3,2016-01-24,,,,,,,,,0,",,7,0900",,,,,,,,,29,",,7",22,",,7",,,25.5
USC00366886,"PHILADELPHIA FRANKLIN INSTITUTE, PA US",39.95867,-75.1728,18.3,2016-01-25,,,,,,,,,0,,,,,,,,,,33,",,7",21,",,7",31,",,7,0900",27
USC00366886,"PHILADELPHIA FRANKLIN INSTITUTE, PA US",39.95867,-75.1728,18.3,2016-01-26,,,,,,,,,0,",,7,0900",,,0,",,7,",,,,,41,",,7",26,",,7",40,",,7,0900",33.5
USC00366886,"PHILADELPHIA FRANKLIN INSTITUTE, PA US",39.95867,-75.1728,18.3,2016-01-27,,,,,,,,,0,",,7,0900",,,0,",,7,",,,,,49,",,7",38,",,7",39,",,7,0900",43.5
USC00366886,"PHILADELPHIA FRANKLIN INSTITUTE, PA US",39.95867,-75.1728,18.3,2016-01-28,,,,,,,,,0,",,7,0900",,,0,",,7,",,,,,44,",,7",28,",,7",36,",,7,0900",36
USC00366886,"PHILADELPHIA FRANKLIN INSTITUTE, PA US",39.95867,-75.1728,18.3,2016-01-29,,,,,,,,,0,",,7,0900",,,0,",,7,",,,,,43,",,7",26,",,7",35,",,7,0900",34.5
USC00366886,"PHILADELPHIA FRANKLIN INSTITUTE, PA US",39.95867,-75.1728,18.3,2016-01-30,,,,,,,,,0,",,7,0900",,,0,",,7,",,,,,41,",,7",27,",,7",35,",,7,0900",34
USC00366886,"PHILADELPHIA FRANKLIN INSTITUTE, PA US",39.95867,-75.1728,18.3,2016-01-31,,,,,,,,,0,",,7,0900",,,0,",,7,",0,",I,7,",,,41,",,7",35,",,7",39,",,7,0900",38
USC00366886,"PHILADELPHIA FRANKLIN INSTITUTE, PA US",39.95867,-75.1728,18.3,2016-02-01,,,,,,,,,0,",,7,0900",,,0,",I,7,",7,",I,7,",,,58,",,7",36,",,7",50,",,7,0900",47
USC00366886,"PHILADELPHIA FRANKLIN INSTITUTE, PA US",39.95867,-75.1728,18.3,2016-02-02,,,,,,,,,0.08,",,7,0900",,,0,",,7,",5,",,7,",,,61,",,7",37,",,7",42,",,7,0900",49
USC00366886,"PHILADELPHIA FRANKLIN INSTITUTE, PA US",39.95867,-75.1728,18.3,2016-02-03,,,,,,,,,0.05,",,7,0900",,,0,",,7,",5,",,7,",,,52,",,7",37,",,7",52,",,7,0900",44.5
USC00366886,"PHILADELPHIA FRANKLIN INSTITUTE, PA US",39.95867,-75.1728,18.3,2016-02-04,,,,,,,,,0.47,",,7,0900",,,0,",,7,",0,",,7,",,,62,",,7",43,",,7",50,",,7,0900",52.5
USC00366886,"PHILADELPHIA FRANKLIN INSTITUTE, PA US",39.95867,-75.1728,18.3,2016-02-05,,,,,,,,,0.47,",,7,0900",,,0,"T,,7,",0,"T,,7,",,,56,",,7",33,",,7",36,",,7,0900",44.5
USC00366886,"PHILADELPHIA FRANKLIN INSTITUTE, PA US",39.95867,-75.1728,18.3,2016-02-06,,,,,,,,,0,",,7,0900",,,0,",,7,",0,",,7,",,,44,",,7",31,",,7",36,",,7,0900",37.5
USC00366886,"PHILADELPHIA FRANKLIN INSTITUTE, PA US",39.95867,-75.1728,18.3,2016-02-07,,,,,,,,,0,",,7,0900",,,0,",,7,",0,",,7,",,,43,",,7",30,",,7",38,",,7,0900",36.5
USC00366886,"PHILADELPHIA FRANKLIN INSTITUTE, PA US",39.95867,-75.1728,18.3,2016-02-08,,,,,,,,,0,",,7,0900",,,0,",,7,",0,",,7,",,,45,",,7",32,",,7",39,",,7,0900",38.5
USC00366886,"PHILADELPHIA FRANKLIN INSTITUTE, PA US",39.95867,-75.1728,18.3,2016-02-09,,,,,,,,,0.03,",,7,0900",,,0,"T,,7,",0,"T,,7,",,,43,",,7",31,",,7",32,",,7,0900",37
USC00366886,"PHILADELPHIA FRANKLIN INSTITUTE, PA US",39.95867,-75.1728,18.3,2016-02-10,,,,,,,,,0.13,",,7,0900",,,0.5,",,7,",1,",,7,",,,35,",,7",31,",,7",31,",,7,0900",33
USC00366886,"PHILADELPHIA FRANKLIN INSTITUTE, PA US",39.95867,-75.1728,18.3,2016-02-11,,,,,,,,,0,",,7,0900",,,0,",,7,",0,"T,,7,",,,35,",,7",22,",,7",22,",,7,0900",28.5
USC00366886,"PHILADELPHIA FRANKLIN INSTITUTE, PA US",39.95867,-75.1728,18.3,2016-02-12,,,,,,,,,0,",,7,0900",,,0,",,7,",0,",,7,",,,,,,,21,",,7,0900",26
USC00366886,"PHILADELPHIA FRANKLIN INSTITUTE, PA US",39.95867,-75.1728,18.3,2016-02-13,,,,,,,,,0,",,7,0900",,,0,",,7,",0,",,7,",,,26,",,7",20,",,7",21,",,7,0900",23
USC00366886,"PHILADELPHIA FRANKLIN INSTITUTE, PA US",39.95867,-75.1728,18.3,2016-02-14,,,,,,,,,0,",,7,0900",,,0,",,7,",0,",,7,",,,25,",,7",20,",,7",20,",,7,0900",22.5
USC00366886,"PHILADELPHIA FRANKLIN INSTITUTE, PA US",39.95867,-75.1728,18.3,2016-02-15,,,,,,,,,0,",,7,0900",,,0,",,7,",0,",,7,",,,23,",,7",7,",,7",20,",,7,0900",15
USC00366886,"PHILADELPHIA FRANKLIN INSTITUTE, PA US",39.95867,-75.1728,18.3,2016-02-16,,,,,,,,,0.42,",,7,0900",,,0,",,7,",0,",,7,",,,20,",,7",9,",,7",20,",,7,0900",14.5
USC00366886,"PHILADELPHIA FRANKLIN INSTITUTE, PA US",39.95867,-75.1728,18.3,2016-02-17,,,,,,,,,0.66,",,7,0900",,,0,",,7,",0,",,7,",,,58,",,7",20,",,7",39,",,7,0900",39
USC00366886,"PHILADELPHIA FRANKLIN INSTITUTE, PA US",39.95867,-75.1728,18.3,2016-02-18,,,,,,,,,0,",,7,0900",,,0,",,7,",0,",,7,",,,59,",,7",31,",,7",31,",,7,0900",45
USC00366886,"PHILADELPHIA FRANKLIN INSTITUTE, PA US",39.95867,-75.1728,18.3,2016-02-19,,,,,,,,,0,",,7,0900",,,0,",,7,",0,",,7,",,,42,",,7",29,",,7",42,",,7,0900",35.5
USC00366886,"PHILADELPHIA FRANKLIN INSTITUTE, PA US",39.95867,-75.1728,18.3,2016-02-20,,,,,,,,,0,",,7,0900",,,0,",,7,",0,",,7,",,,46,",,7",24,",,7",,,35
USC00366886,"PHILADELPHIA FRANKLIN INSTITUTE, PA US",39.95867,-75.1728,18.3,2016-02-21,,,,,,,,,0,",,7,0900",,,0,",,7,",0,",,7,",,,46,",,7",30,",,7",46,",,7,0900",38
USC00366886,"PHILADELPHIA FRANKLIN INSTITUTE, PA US",39.95867,-75.1728,18.3,2016-02-22,,,,,,,,,0.05,",,7,0900",,,0,",,7,",0,",,7,",,,61,",,7",45,",,7",45,",,7,0900",53
USC00366886,"PHILADELPHIA FRANKLIN INSTITUTE, PA US",39.95867,-75.1728,18.3,2016-02-23,,,,,,,,,0.02,",,7,0900",,,0,",,7,",0,",,7,",,,59,",,7",38,",,7",38,",,7,0900",48.5
USC00366886,"PHILADELPHIA FRANKLIN INSTITUTE, PA US",39.95867,-75.1728,18.3,2016-02-24,,,,,,,,,0.44,",,7,0900",,,0,",,7,",0,",,7,",,,44,",,7",38,",,7",44,",,7,0900",41
USC00366886,"PHILADELPHIA FRANKLIN INSTITUTE, PA US",39.95867,-75.1728,18.3,2016-02-25,,,,,,,,,1.92,",,7,0900",,,0,",,7,",0,",,7,",,,65,",,7",44,",,7",47,",,7,0900",54.5
USC00366886,"PHILADELPHIA FRANKLIN INSTITUTE, PA US",39.95867,-75.1728,18.3,2016-02-26,,,,,,,,,0,",,7,0900",,,0,",,7,",0,",,7,",,,48,",,7",34,",,7",35,",,7,0900",41
USC00366886,"PHILADELPHIA FRANKLIN INSTITUTE, PA US",39.95867,-75.1728,18.3,2016-02-27,,,,,,,,,0,",,7,0900",,,0,",,7,",0,",,7,",,,40,",,7",28,",,7",32,",,7,0900",34
USC00366886,"PHILADELPHIA FRANKLIN INSTITUTE, PA US",39.95867,-75.1728,18.3,2016-02-28,,,,,,,,,0,",,7,0900",,,0,",,7,",0,",,7,",,,43,",,7",28,",,7",43,",,7,0900",35.5
USC00366886,"PHILADELPHIA FRANKLIN INSTITUTE, PA US",39.95867,-75.1728,18.3,2016-02-29,,,,,,,,,0,"T,,7,0900",,,0,",,7,",0,",,7,",,,51,",,7",33,",,7",51,",,7,0900",42
USC00366886,"PHILADELPHIA FRANKLIN INSTITUTE, PA US",39.95867,-75.1728,18.3,2016-03-01,,,,,,,,,0,"T,,7,0900",,,0,",,7,",0,",,7,",,,63,",,7",44,",,7",47,",,7,0900",53.5
USC00366886,"PHILADELPHIA FRANKLIN INSTITUTE, PA US",39.95867,-75.1728,18.3,2016-03-02,,,,,,,,,0.3,",,7,0900",,,0,",,7,",0,",,7,",,,62,",,7",42,",,7",42,",,7,0900",52
USC00366886,"PHILADELPHIA FRANKLIN INSTITUTE, PA US",39.95867,-75.1728,18.3,2016-03-03,,,,,,,,,0,",,7,0900",,,0,",,7,",0,",,7,",,,65,",,7",38,",,7",38,",,7,0900",51.5
USC00366886,"PHILADELPHIA FRANKLIN INSTITUTE, PA US",39.95867,-75.1728,18.3,2016-03-04,,,,,,,,,0.75,",Z,7,0900",,,0.8,",,7,",1,",,7,",,,42,",,7",26,",,7",37,",,7,0900",34
USC00366886,"PHILADELPHIA FRANKLIN INSTITUTE, PA US",39.95867,-75.1728,18.3,2016-03-05,,,,,,,,,0,",,7,0900",,,0,",,7,",0,",,7,",,,40,",,7",29,",,7",,,34.5
USC00366886,"PHILADELPHIA FRANKLIN INSTITUTE, PA US",39.95867,-75.1728,18.3,2016-03-06,,,,,,,,,0,",,7,0900",,,0,",,7,",0,",,7,",,,40,",,7",29,",,7",38,",,7,0900",34.5
USC00366886,"PHILADELPHIA FRANKLIN INSTITUTE, PA US",39.95867,-75.1728,18.3,2016-03-07,,,,,,,,,0,",,7,0900",,,0,",,7,",0,",,7,",,,44,",,7",34,",,7",44,",,7,0900",39
USC00366886,"PHILADELPHIA FRANKLIN INSTITUTE, PA US",39.95867,-75.1728,18.3,2016-03-08,,,,,,,,,0,",,7,0900",,,0,",,7,",0,",,7,",,,62,",,7",35,",,7",62,",,7,0900",48.5
USC00366886,"PHILADELPHIA FRANKLIN INSTITUTE, PA US",39.95867,-75.1728,18.3,2016-03-09,,,,,,,,,0,",,7,0900",,,0,",,7,",0,",,7,",,,,,,,61,",,7,0900",60
USC00366886,"PHILADELPHIA FRANKLIN INSTITUTE, PA US",39.95867,-75.1728,18.3,2016-03-10,,,,,,,,,0,",,7,0900",,,0,",,7,",0,",,7,",,,82,",,7",59,",,7",67,",,7,0900",70.5
USC00366886,"PHILADELPHIA FRANKLIN INSTITUTE, PA US",39.95867,-75.1728,18.3,2016-03-11,,,,,,,,,0,",,7,0900",,,0,",,7,",0,",,7,",,,82,",,7",58,",,7",63,",,7,0900",70
USC00366886,"PHILADELPHIA FRANKLIN INSTITUTE, PA US",39.95867,-75.1728,18.3,2016-03-12,,,,,,,,,0,",,7,0900",,,0,",,7,",0,",,7,",,,67,",,7",43,",,7",52,",,7,0900",55
USC00366886,"PHILADELPHIA FRANKLIN INSTITUTE, PA US",39.95867,-75.1728,18.3,2016-03-13,,,,,,,,,0,",,7,0900",,,0,",,7,",0,",,7,",,,62,",,7",52,",,7",56,",,7,0900",57
USC00366886,"PHILADELPHIA FRANKLIN INSTITUTE, PA US",39.95867,-75.1728,18.3,2016-03-14,,,,,,,,,1.02,,,,0,",,7,",0,",,7,",,,56,",,7",45,",,7",45,",,7,0900",50.5
USC00366886,"PHILADELPHIA FRANKLIN INSTITUTE, PA US",39.95867,-75.1728,18.3,2016-03-15,,,,,,,,,1.13,",,7,0900",,,0,",,7,",0,",,7,",,,,,43,",,7",47,",,7,0900",47
USC00366886,"PHILADELPHIA FRANKLIN INSTITUTE, PA US",39.95867,-75.1728,18.3,2016-03-16,,,,,,,,,0,",,7,0900",,,0,",,7,",0,",,7,",,,48,",,7",43,",,7",43,",,7,0900",45.5
USC00366886,"PHILADELPHIA FRANKLIN INSTITUTE, PA US",39.95867,-75.1728,18.3,2016-03-17,,,,,,,,,0,",,7,0900",,,0,",,7,",0,",,7,",,,57,",,7",43,",,7",55,",,7,0900",50
USC00366886,"PHILADELPHIA FRANKLIN INSTITUTE, PA US",39.95867,-75.1728,18.3,2016-03-18,,,,,,,,,0,",,7,0900",,,0,",,7,",0,",,7,",,,72,",,7",48,",,7",,,60
USC00366886,"PHILADELPHIA FRANKLIN INSTITUTE, PA US",39.95867,-75.1728,18.3,2016-03-19,,,,,,,,,0,",,7,0900",,,0,",,7,",0,",,7,",,,64,",,7",48,",,7",48,",,7,0900",56
USC00366886,"PHILADELPHIA FRANKLIN INSTITUTE, PA US",39.95867,-75.1728,18.3,2016-03-20,,,,,,,,,0,",,7,0900",,,0,",,7,",0,",,7,",,,63,",,7",39,",,7",39,",,7,0900",51
USC00366886,"PHILADELPHIA FRANKLIN INSTITUTE, PA US",39.95867,-75.1728,18.3,2016-03-21,,,,,,,,,0.1,",,7,0900",,,0,",,7,",0,"T,,7,",,,42,",,7",34,",,7",40,",,7,0900",38
USC00366886,"PHILADELPHIA FRANKLIN INSTITUTE, PA US",39.95867,-75.1728,18.3,2016-03-22,,,,,,,,,0,",,7,0900",,,0,",,7,",0,",,7,",,,51,",,7",33,",,7",42,",,7,0900",42
USC00366886,"PHILADELPHIA FRANKLIN INSTITUTE, PA US",39.95867,-75.1728,18.3,2016-03-23,,,,,,,,,0,",,7,0900",,,0,",,7,",0,",,7,",,,59,",,7",36,",,7",57,",,7,0900",47.5
USC00366886,"PHILADELPHIA FRANKLIN INSTITUTE, PA US",39.95867,-75.1728,18.3,2016-03-24,,,,,,,,,0,",,7,0900",,,0,",,7,",0,",,7,",,,62,",,7",46,",,7",50,",,7,0900",54
USC00366886,"PHILADELPHIA FRANKLIN INSTITUTE, PA US",39.95867,-75.1728,18.3,2016-03-25,,,,,,,,,0,",,7,0900",,,0,",,7,",0,",,7,",,,74,",,7",46,",,7",66,",,7,0900",60
USC00366886,"PHILADELPHIA FRANKLIN INSTITUTE, PA US",39.95867,-75.1728,18.3,2016-03-26,,,,,,,,,0,",,7,0900",,,0,",,7,",0,",,7,",,,72,",,7",51,",,7",52,",,7,0900",61.5
USC00366886,"PHILADELPHIA FRANKLIN INSTITUTE, PA US",39.95867,-75.1728,18.3,2016-03-27,,,,,,,,,0,",,7,0900",,,0,",,7,",0,",,7,",,,52,",,7",43,",,7",48,",,7,0900",47.5
USC00366886,"PHILADELPHIA FRANKLIN INSTITUTE, PA US",39.95867,-75.1728,18.3,2016-03-28,,,,,,,,,0.43,",,7,0900",,,0,",,7,",0,",,7,",,,58,",,7",43,",,7",47,",,7,0900",50.5
USC00366886,"PHILADELPHIA FRANKLIN INSTITUTE, PA US",39.95867,-75.1728,18.3,2016-03-29,,,,,,,,,0,",,7,0900",,,0,",,7,",0,",,7,",,,67,",,7",45,",,7",48,",,7,0900",56
USC00366886,"PHILADELPHIA FRANKLIN INSTITUTE, PA US",39.95867,-75.1728,18.3,2016-03-30,,,,,,,,,0,",,7,0900",,,0,",,7,",0,",,7,",,,60,",,7",38,",,7",43,",,7,0900",49
USC00366886,"PHILADELPHIA FRANKLIN INSTITUTE, PA US",39.95867,-75.1728,18.3,2016-03-31,,,,,,,,,0,",,7,0900",,,0,",,7,",0,",,7,",,,59,",,7",38,",,7",49,",,7,0900",48.5
USC00366886,"PHILADELPHIA FRANKLIN INSTITUTE, PA US",39.95867,-75.1728,18.3,2016-04-01,,,,,,,,,0,",,7,0900",,,0,",,7,",0,",,7,",,,73,",,7",49,",,7",64,",,7,0900",61
USC00366886,"PHILADELPHIA FRANKLIN INSTITUTE, PA US",39.95867,-75.1728,18.3,2016-04-02,,,,,,,,,0.13,",,7,0900",,,0,",,7,",0,",,7,",,,80,",,7",49,",,7",50,",,7,0900",64.5
USC00366886,"PHILADELPHIA FRANKLIN INSTITUTE, PA US",39.95867,-75.1728,18.3,2016-04-03,,,,,,,,,0.2,",,7,0900",,,0,",,7,",0,",,7,",,,67,",,7",43,",,7",,,55
USC00366886,"PHILADELPHIA FRANKLIN INSTITUTE, PA US",39.95867,-75.1728,18.3,2016-04-04,,,,,,,,,0,"T,,7,0900",,,0,",,7,",0,",,7,",,,46,",,7",34,",,7",46,",,7,0900",40
USC00366886,"PHILADELPHIA FRANKLIN INSTITUTE, PA US",39.95867,-75.1728,18.3,2016-04-05,,,,,,,,,0.1,",,7,0900",,,0,",,7,",0,",,7,",,,63,",,7",29,",,7",31,",,7,0900",46
USC00366886,"PHILADELPHIA FRANKLIN INSTITUTE, PA US",39.95867,-75.1728,18.3,2016-04-06,,,,,,,,,0,",,7,0900",,,0,",,7,",0,",,7,",,,44,",,7",31,",,7",41,",,7,0900",37.5
USC00366886,"PHILADELPHIA FRANKLIN INSTITUTE, PA US",39.95867,-75.1728,18.3,2016-04-07,,,,,,,,,0,",,7,0900",,,0,",,7,",0,",,7,",,,54,",,7",32,",,7",54,",,7,0900",43
USC00366886,"PHILADELPHIA FRANKLIN INSTITUTE, PA US",39.95867,-75.1728,18.3,2016-04-08,,,,,,,,,0.13,",,7,0900",,,0,",,7,",0,",,7,",,,62,",,7",41,",,7",46,",,7,0900",51.5
USC00366886,"PHILADELPHIA FRANKLIN INSTITUTE, PA US",39.95867,-75.1728,18.3,2016-04-09,,,,,,,,,0.02,",,7,0900",,,0,",,7,",0,",,7,",,,51,",,7",40,",,7",41,",,7,0900",45.5
USC00366886,"PHILADELPHIA FRANKLIN INSTITUTE, PA US",39.95867,-75.1728,18.3,2016-04-10,,,,,,,,,0.43,",,7,0900",,,0,"T,,7,",0,"T,,7,",,,43,",,7",30,",,7",36,",,7,0900",36.5
USC00366886,"PHILADELPHIA FRANKLIN INSTITUTE, PA US",39.95867,-75.1728,18.3,2016-04-11,,,,,,,,,0.03,",,7,0900",,,0,",,7,",0,",,7,",,,50,",,7",30,",,7",50,",,7,0900",40
USC00366886,"PHILADELPHIA FRANKLIN INSTITUTE, PA US",39.95867,-75.1728,18.3,2016-04-12,,,,,,,,,0.19,",,7,0900",,,0,",,7,",0,",,7,",,,68,",,7",42,",,7",57,",,7,0900",55
USC00366886,"PHILADELPHIA FRANKLIN INSTITUTE, PA US",39.95867,-75.1728,18.3,2016-04-13,,,,,,,,,0.16,",,7,0900",,,0,",,7,",0,",,7,",,,62,",,7",47,",,7",47,",,7,0900",54.5
USC00366886,"PHILADELPHIA FRANKLIN INSTITUTE, PA US",39.95867,-75.1728,18.3,2016-04-14,,,,,,,,,0,",,7,0900",,,0,",,7,",0,",,7,",,,58,",,7",42,",,7",51,",,7,0900",50
USC00366886,"PHILADELPHIA FRANKLIN INSTITUTE, PA US",39.95867,-75.1728,18.3,2016-04-15,,,,,,,,,0,",,7,0900",,,0,",,7,",0,",,7,",,,62,",,7",42,",,7",49,",,7,0900",52
USC00366886,"PHILADELPHIA FRANKLIN INSTITUTE, PA US",39.95867,-75.1728,18.3,2016-04-16,,,,,,,,,0,",,7,0900",,,0,",,7,",0,",,7,",,,65,",,7",43,",,7",52,",,7,0900",54
USC00366886,"PHILADELPHIA FRANKLIN INSTITUTE, PA US",39.95867,-75.1728,18.3,2016-04-17,,,,,,,,,0,",,7,0900",,,0,",,7,",0,",,7,",,,68,",,7",44,",,7",59,",,7,0900",56
USC00366886,"PHILADELPHIA FRANKLIN INSTITUTE, PA US",39.95867,-75.1728,18.3,2016-04-18,,,,,,,,,0,",,7,0900",,,0,",,7,",0,",,7,",,,75,",,7",53,",,7",67,",,7,0900",64
USC00366886,"PHILADELPHIA FRANKLIN INSTITUTE, PA US",39.95867,-75.1728,18.3,2016-04-19,,,,,,,,,0,",,7,0900",,,0,",,7,",0,",,7,",,,83,",,7",53,",,7",72,",,7,0900",68
USC00366886,"PHILADELPHIA FRANKLIN INSTITUTE, PA US",39.95867,-75.1728,18.3,2016-04-20,,,,,,,,,0,",,7,0900",,,0,",,7,",0,",,7,",,,76,",,7",56,",,7",58,",,7,0900",66
USC00366886,"PHILADELPHIA FRANKLIN INSTITUTE, PA US",39.95867,-75.1728,18.3,2016-04-21,,,,,,,,,0,",,7,0900",,,0,",,7,",0,",,7,",,,73,",,7",49,",,7",71,",,7,0900",61
USC00366886,"PHILADELPHIA FRANKLIN INSTITUTE, PA US",39.95867,-75.1728,18.3,2016-04-22,,,,,,,,,0,",,7,0900",,,0,",,7,0900",0,",,7,0900",,,80,",,7",63,",,7",63,",,7,0900",71.5
USC00366886,"PHILADELPHIA FRANKLIN INSTITUTE, PA US",39.95867,-75.1728,18.3,2016-04-23,,,,,,,,,0.11,,,,0,",,7,0900",0,",,7,0900",,,69,",,7",53,",,7",53,",,7,0900",61
USC00366886,"PHILADELPHIA FRANKLIN INSTITUTE, PA US",39.95867,-75.1728,18.3,2016-04-24,,,,,,,,,0.05,",,7,0900",,,0,",,7,0900",0,",,7,0900",,,70,",,7",46,",,7",61,",,7,0900",58
USC00366886,"PHILADELPHIA FRANKLIN INSTITUTE, PA US",39.95867,-75.1728,18.3,2016-04-25,,,,,,,,,0,",,7,0900",,,0,",,7,0900",0,",,7,0900",,,77,",,7",51,",,7",68,",,7,0900",64
USC00366886,"PHILADELPHIA FRANKLIN INSTITUTE, PA US",39.95867,-75.1728,18.3,2016-04-26,,,,,,,,,0,",,7,0900",,,0,",,7,0900",0,",,7,0900",,,85,",,7",51,",,7",,,68
USC00366886,"PHILADELPHIA FRANKLIN INSTITUTE, PA US",39.95867,-75.1728,18.3,2016-04-27,,,,,,,,,0.17,",,7,0900",,,0,",,7,0900",0,",,7,0900",,,51,",,7",49,",,7",50,",,7,0900",50
USC00366886,"PHILADELPHIA FRANKLIN INSTITUTE, PA US",39.95867,-75.1728,18.3,2016-04-28,,,,,,,,,0,",,7,0900",,,0,",,7,0900",0,",,7,0900",,,55,",,7",50,",,7",53,",,7,0900",52.5
USC00366886,"PHILADELPHIA FRANKLIN INSTITUTE, PA US",39.95867,-75.1728,18.3,2016-04-29,,,,,,,,,0.19,",,7,0900",,,0,",,7,0900",0,",,7,0900",,,56,",,7",43,",,7",55,",,7,0900",49.5
USC00366886,"PHILADELPHIA FRANKLIN INSTITUTE, PA US",39.95867,-75.1728,18.3,2016-04-30,,,,,,,,,0,",,7,0900",,,0,",,7,0900",0,",,7,0900",,,55,",,7",44,",,7",,,49.5
USC00366886,"PHILADELPHIA FRANKLIN INSTITUTE, PA US",39.95867,-75.1728,18.3,2016-05-01,,,,,,,,,0.42,",,7,0900",,,0,",,7,0900",0,",,7,0900",,,61,",,7",45,",,7",46,",,7,0900",53
USC00366886,"PHILADELPHIA FRANKLIN INSTITUTE, PA US",39.95867,-75.1728,18.3,2016-05-02,,,,,,,,,0.2,",,7,0900",,,0,",,7,0900",0,",,7,0900",,,52,",,7",46,",,7",50,",,7,0900",49
USC00366886,"PHILADELPHIA FRANKLIN INSTITUTE, PA US",39.95867,-75.1728,18.3,2016-05-03,,,,,,,,,0.63,",,7,0900",,,0,",,7,0900",0,",,7,0900",,,64,",,7",46,",,7",55,",,7,0900",55
USC00366886,"PHILADELPHIA FRANKLIN INSTITUTE, PA US",39.95867,-75.1728,18.3,2016-05-04,,,,,,,,,0.05,",,7,0900",,,0,",,7,0900",0,",,7,0900",,,59,",,7",51,",,7",51,",,7,0900",55
USC00366886,"PHILADELPHIA FRANKLIN INSTITUTE, PA US",39.95867,-75.1728,18.3,2016-05-05,,,,,,,,,0.03,",,7,0900",,,0,",,7,0900",0,",,7,0900",,,53,",,7",49,",,7",49,",,7,0900",51
USC00366886,"PHILADELPHIA FRANKLIN INSTITUTE, PA US",39.95867,-75.1728,18.3,2016-05-06,,,,,,,,,0.94,",,7,0900",,,0,",,7,0900",0,",,7,0900",,,57,",,7",48,",,7",49,",,7,0900",52.5
USC00366886,"PHILADELPHIA FRANKLIN INSTITUTE, PA US",39.95867,-75.1728,18.3,2016-05-07,,,,,,,,,0.51,",,7,0900",,,0,",,7,0900",0,",,7,0900",,,55,",,7",49,",,7",,,52
USC00366886,"PHILADELPHIA FRANKLIN INSTITUTE, PA US",39.95867,-75.1728,18.3,2016-05-08,,,,,,,,,0,",,7,0900",,,0,",,7,0900",0,",,7,0900",,,61,",,7",49,",,7",58,",,7,0900",55
USC00366886,"PHILADELPHIA FRANKLIN INSTITUTE, PA US",39.95867,-75.1728,18.3,2016-05-09,,,,,,,,,0,",,7,0900",,,0,",,7,0900",0,",,7,0900",,,70,",,7",51,",,7",68,",,7,0900",60.5
USC00366886,"PHILADELPHIA FRANKLIN INSTITUTE, PA US",39.95867,-75.1728,18.3,2016-05-10,,,,,,,,,0,",,7,0900",,,0,",,7,0900",0,",,7,0900",,,71,",,7",52,",,7",53,",,7,0900",61.5
USC00366886,"PHILADELPHIA FRANKLIN INSTITUTE, PA US",39.95867,-75.1728,18.3,2016-05-11,,,,,,,,,0,",,7,0900",,,0,",,7,0900",0,",,7,0900",,,61,",,7",52,",,7",60,",,7,0900",56.5
USC00366886,"PHILADELPHIA FRANKLIN INSTITUTE, PA US",39.95867,-75.1728,18.3,2016-05-12,,,,,,,,,0,",,7,0900",,,0,",,7,0900",0,",,7,0900",,,69,",,7",54,",,7",67,",,7,0900",61.5
USC00366886,"PHILADELPHIA FRANKLIN INSTITUTE, PA US",39.95867,-75.1728,18.3,2016-05-13,,,,,,,,,0,",,7,0900",,,0,",,7,0900",0,",,7,0900",,,81,",,7",59,",,7",,,70
USC00366886,"PHILADELPHIA FRANKLIN INSTITUTE, PA US",39.95867,-75.1728,18.3,2016-05-14,,,,,,,,,0.17,",,7,0900",,,0,",,7,0900",0,",,7,0900",,,70,",,7",61,",,7",69,",,7,0900",65.5
USC00366886,"PHILADELPHIA FRANKLIN INSTITUTE, PA US",39.95867,-75.1728,18.3,2016-05-15,,,,,,,,,0.08,",,7,0900",,,0,",,7,0900",0,",,7,0900",,,77,",,7",56,",,7",56,",,7,0900",66.5
USC00366886,"PHILADELPHIA FRANKLIN INSTITUTE, PA US",39.95867,-75.1728,18.3,2016-05-16,,,,,,,,,0,",,7,0900",,,0,",,7,0900",0,",,7,0900",,,59,",,7",47,",,7",51,",,7,0900",53
USC00366886,"PHILADELPHIA FRANKLIN INSTITUTE, PA US",39.95867,-75.1728,18.3,2016-05-17,,,,,,,,,0,",,7,0900",,,0,",,7,0900",0,",,7,0900",,,69,",,7",43,",,7",59,",,7,0900",56
USC00366886,"PHILADELPHIA FRANKLIN INSTITUTE, PA US",39.95867,-75.1728,18.3,2016-05-18,,,,,,,,,0.13,",,7,0900",,,0,",,7,0900",0,",,7,0900",,,63,",,7",56,",,7",57,",,7,0900",59.5
USC00366886,"PHILADELPHIA FRANKLIN INSTITUTE, PA US",39.95867,-75.1728,18.3,2016-05-19,,,,,,,,,0.1,",,7,0900",,,0,",,7,0900",0,",,7,0900",,,69,",,7",54,",,7",63,",,7,0900",61.5
USC00366886,"PHILADELPHIA FRANKLIN INSTITUTE, PA US",39.95867,-75.1728,18.3,2016-05-20,,,,,,,,,0,",,7,0900",,,0,",,7,0900",0,",,7,0900",,,75,",,7",55,",,7",62,",,7,0900",65
USC00366886,"PHILADELPHIA FRANKLIN INSTITUTE, PA US",39.95867,-75.1728,18.3,2016-05-21,,,,,,,,,0,",,7,0900",,,0,",,7,0900",0,",,7,0900",,,80,",,7",54,",,7",,,67
USC00366886,"PHILADELPHIA FRANKLIN INSTITUTE, PA US",39.95867,-75.1728,18.3,2016-05-22,,,,,,,,,1.38,",,7,0900",,,0,",,7,0900",0,",,7,0900",,,62,",,7",53,",,7",56,",,7,0900",57.5
USC00366886,"PHILADELPHIA FRANKLIN INSTITUTE, PA US",39.95867,-75.1728,18.3,2016-05-23,,,,,,,,,0.02,",,7,0900",,,0,",,7,0900",0,",,7,0900",,,65,",,7",51,",,7",65,",,7,0900",58
USC00366886,"PHILADELPHIA FRANKLIN INSTITUTE, PA US",39.95867,-75.1728,18.3,2016-05-24,,,,,,,,,0.17,",,7,0900",,,0,",,7,0900",0,",,7,0900",,,77,",,7",55,",,7",66,",,7,0900",66
USC00366886,"PHILADELPHIA FRANKLIN INSTITUTE, PA US",39.95867,-75.1728,18.3,2016-05-25,,,,,,,,,0,",,7,0900",,,0,",,7,0900",0,",,7,0900",,,84,",,7",58,",,7",,,71
USC00366886,"PHILADELPHIA FRANKLIN INSTITUTE, PA US",39.95867,-75.1728,18.3,2016-05-26,,,,,,,,,0,",,7,0900",,,0,",,7,0900",0,",,7,0900",,,90,",,7",60,",,7",,,75
USC00366886,"PHILADELPHIA FRANKLIN INSTITUTE, PA US",39.95867,-75.1728,18.3,2016-05-27,,,,,,,,,0,",,7,0900",,,0,",,7,0900",0,",,7,0900",,,92,",,7",69,",,7",81,",,7,0900",80.5
USC00366886,"PHILADELPHIA FRANKLIN INSTITUTE, PA US",39.95867,-75.1728,18.3,2016-05-28,,,,,,,,,0,",,7,0900",,,0,",,7,0900",0,",,7,0900",,,91,",,7",72,",,7",79,",,7,0900",81.5
USC00366886,"PHILADELPHIA FRANKLIN INSTITUTE, PA US",39.95867,-75.1728,18.3,2016-05-29,,,,,,,,,0,",,7,0900",,,0,",,7,0900",0,",,7,0900",,,92,",,7",70,",,7",76,",,7,0900",81
USC00366886,"PHILADELPHIA FRANKLIN INSTITUTE, PA US",39.95867,-75.1728,18.3,2016-05-30,,,,,,,,,2.4,",,7,0900",,,0,",,7,0900",0,",,7,0900",,,90,",,7",69,",,7",73,",,7,0900",79.5
USC00366886,"PHILADELPHIA FRANKLIN INSTITUTE, PA US",39.95867,-75.1728,18.3,2016-05-31,,,,,,,,,0,",,7,0900",,,0,",,7,0900",0,",,7,0900",,,81,",,7",67,",,7",78,",,7,0900",74
USC00366886,"PHILADELPHIA FRANKLIN INSTITUTE, PA US",39.95867,-75.1728,18.3,2016-06-01,,,,,,,,,0,",,7,0900",,,0,",,7,0900",0,",,7,0900",,,90,",,7",71,",,7",78,",,7,0900",80.5
USC00366886,"PHILADELPHIA FRANKLIN INSTITUTE, PA US",39.95867,-75.1728,18.3,2016-06-02,,,,,,,,,0,",,7,0900",,,0,",,7,0900",0,",,7,0900",,,90,",,7",69,",,7",69,",,7,0900",79.5
USC00366886,"PHILADELPHIA FRANKLIN INSTITUTE, PA US",39.95867,-75.1728,18.3,2016-06-03,,,,,,,,,0.2,",,7,0900",,,0,",,7,0900",0,",,7,0900",,,84,",,7",62,",,7",66,",,7,0900",73
USC00366886,"PHILADELPHIA FRANKLIN INSTITUTE, PA US",39.95867,-75.1728,18.3,2016-06-04,,,,,,,,,0.13,,,,0,",,7,0900",0,",,7,0900",,,74,",,7",64,",,7",71,",,7,0900",69
USC00366886,"PHILADELPHIA FRANKLIN INSTITUTE, PA US",39.95867,-75.1728,18.3,2016-06-05,,,,,,,,,0.05,",,7,0900",,,0,",,7,0900",0,",,7,0900",,,86,",,7",67,",,7",71,",,7,0900",76.5
USC00366886,"PHILADELPHIA FRANKLIN INSTITUTE, PA US",39.95867,-75.1728,18.3,2016-06-06,,,,,,,,,0.75,",,7,0900",,,0,",,7,0900",,,,,84,",,7",68,",,7",77,",,7,0900",76
USC00366886,"PHILADELPHIA FRANKLIN INSTITUTE, PA US",39.95867,-75.1728,18.3,2016-06-07,,,,,,,,,0,",,7,0900",,,0,",,7,0900",0,",,7,0900",,,88,",,7",68,",,7",79,",,7,0900",78
USC00366886,"PHILADELPHIA FRANKLIN INSTITUTE, PA US",39.95867,-75.1728,18.3,2016-06-08,,,,,,,,,0,",,7,0900",,,0,",,7,0900",0,",,7,0900",,,87,",,7",67,",,7",67,",,7,0900",77
USC00366886,"PHILADELPHIA FRANKLIN INSTITUTE, PA US",39.95867,-75.1728,18.3,2016-06-09,,,,,,,,,0.21,",,7,0900",,,0,",,7,0900",0,",,7,0900",,,71,",,7",56,",,7",69,",,7,0900",63.5
USC00366886,"PHILADELPHIA FRANKLIN INSTITUTE, PA US",39.95867,-75.1728,18.3,2016-06-10,,,,,,,,,0,",,7,0900",,,0,",,7,0900",0,",,7,0900",,,76,",,7",55,",,7",67,",,7,0900",65.5
USC00366886,"PHILADELPHIA FRANKLIN INSTITUTE, PA US",39.95867,-75.1728,18.3,2016-06-11,,,,,,,,,0,",,7,0900",,,0,",,7,0900",0,",,7,0900",,,80,",,7",60,",,7",73,",,7,0900",70
USC00366886,"PHILADELPHIA FRANKLIN INSTITUTE, PA US",39.95867,-75.1728,18.3,2016-06-12,,,,,,,,,0,",,7,0900",,,0,",,7,0900",0,",,7,0900",,,93,",,7",64,",,7",86,",,7,0900",78.5
USC00366886,"PHILADELPHIA FRANKLIN INSTITUTE, PA US",39.95867,-75.1728,18.3,2016-06-13,,,,,,,,,0,",,7,0900",,,0,",,7,0900",0,",,7,0900",,,90,",,7",66,",,7",66,",,7,0900",78
USC00366886,"PHILADELPHIA FRANKLIN INSTITUTE, PA US",39.95867,-75.1728,18.3,2016-06-14,,,,,,,,,0,",,7,0900",,,0,",,7,0900",0,",,7,0900",,,79,",,7",60,",,7",67,",,7,0900",69.5
USC00366886,"PHILADELPHIA FRANKLIN INSTITUTE, PA US",39.95867,-75.1728,18.3,2016-06-15,,,,,,,,,0,",,7,0900",,,0,",,7,0900",0,",,7,0900",,,81,",,7",61,",,7",79,",,7,0900",71
USC00366886,"PHILADELPHIA FRANKLIN INSTITUTE, PA US",39.95867,-75.1728,18.3,2016-06-16,,,,,,,,,0.23,",,7,0900",,,0,",,7,0900",0,",,7,0900",,,82,",,7",64,",,7",65,",,7,0900",73
USC00366886,"PHILADELPHIA FRANKLIN INSTITUTE, PA US",39.95867,-75.1728,18.3,2016-06-17,,,,,,,,,0.11,,,,0,",,7,0900",0,",,7,0900",,,72,",,7",63,",,7",,,67.5
USC00366886,"PHILADELPHIA FRANKLIN INSTITUTE, PA US",39.95867,-75.1728,18.3,2016-06-18,,,,,,,,,0,",,7,0900",,,0,",,7,0900",0,",,7,0900",,,85,",,7",62,",,7",,,73.5
USC00366886,"PHILADELPHIA FRANKLIN INSTITUTE, PA US",39.95867,-75.1728,18.3,2016-06-19,,,,,,,,,0,",,7,0900",,,0,",,7,0900",0,",,7,0900",,,88,",,7",65,",,7",79,",,7,0900",76.5
USC00366886,"PHILADELPHIA FRANKLIN INSTITUTE, PA US",39.95867,-75.1728,18.3,2016-06-20,,,,,,,,,0,",,7,0900",,,0,",,7,0900",0,",,7,0900",,,95,",,7",68,",,7",83,",,7,0900",81.5
USC00366886,"PHILADELPHIA FRANKLIN INSTITUTE, PA US",39.95867,-75.1728,18.3,2016-06-21,,,,,,,,,0,",,7,0900",,,0,",,7,0900",0,",,7,0900",,,94,",,7",69,",,7",91,",,7,0900",81.5
USC00366886,"PHILADELPHIA FRANKLIN INSTITUTE, PA US",39.95867,-75.1728,18.3,2016-06-22,,,,,,,,,0.05,",,7,0900",,,0,",,7,0900",0,",,7,0900",,,91,",,7",73,",,7",80,",,7,0900",82
USC00366886,"PHILADELPHIA FRANKLIN INSTITUTE, PA US",39.95867,-75.1728,18.3,2016-06-23,,,,,,,,,0,",,7,0900",,,0,",,7,0900",0,",,7,0900",,,89,",,7",71,",,7",78,",,7,0900",80
USC00366886,"PHILADELPHIA FRANKLIN INSTITUTE, PA US",39.95867,-75.1728,18.3,2016-06-24,,,,,,,,,0,,,,0,",,7,0900",0,",,7,0900",,,88,",,7",72,",,7",75,",,7,0900",80
USC00366886,"PHILADELPHIA FRANKLIN INSTITUTE, PA US",39.95867,-75.1728,18.3,2016-06-25,,,,,,,,,0,",,7,0900",,,0,",,7,0900",0,",,7,0900",,,82,",,7",70,",,7",,,76
USC00366886,"PHILADELPHIA FRANKLIN INSTITUTE, PA US",39.95867,-75.1728,18.3,2016-06-26,,,,,,,,,0,",,7,0900",,,0,",,7,0900",0,",,7,0900",,,87,",,7",67,",,7",80,",,7,0900",77
USC00366886,"PHILADELPHIA FRANKLIN INSTITUTE, PA US",39.95867,-75.1728,18.3,2016-06-27,,,,,,,,,0,",,7,0900",,,0,",,7,0900",0,",,7,0900",,,89,",,7",68,",,7",76,",,7,0900",78.5
USC00366886,"PHILADELPHIA FRANKLIN INSTITUTE, PA US",39.95867,-75.1728,18.3,2016-06-28,,,,,,,,,0.87,",,7,0900",,,0,",,7,0900",0,",,7,0900",,,89,",,7",66,",,7",73,",,7,0900",77.5
USC00366886,"PHILADELPHIA FRANKLIN INSTITUTE, PA US",39.95867,-75.1728,18.3,2016-06-29,,,,,,,,,0,"T,,7,0900",,,0,",,7,0900",0,",,7,0900",,,85,",,7",71,",,7",76,",,7,0900",78
USC00366886,"PHILADELPHIA FRANKLIN INSTITUTE, PA US",39.95867,-75.1728,18.3,2016-06-30,,,,,,,,,0,",,7,0900",,,0,",,7,0900",0,",,7,0900",,,87,",,7",68,",,7",77,",,7,0900",77.5
USC00366886,"PHILADELPHIA FRANKLIN INSTITUTE, PA US",39.95867,-75.1728,18.3,2016-07-01,,,,,,,,,0,",,7,0900",,,0,",,7,0900",0,",,7,0900",,,89,",,7",67,",,7",,,78
USC00366886,"PHILADELPHIA FRANKLIN INSTITUTE, PA US",39.95867,-75.1728,18.3,2016-07-02,,,,,,,,,0.04,",,7,0900",,,0,",,7,0900",0,",,7,0900",,,87,",,7",71,",,7",72,",,7,0900",79
USC00366886,"PHILADELPHIA FRANKLIN INSTITUTE, PA US",39.95867,-75.1728,18.3,2016-07-03,,,,,,,,,0,",,7,0900",,,0,",,7,0900",0,",,7,0900",,,80,",,7",69,",,7",75,",,7,0900",74.5
USC00366886,"PHILADELPHIA FRANKLIN INSTITUTE, PA US",39.95867,-75.1728,18.3,2016-07-04,,,,,,,,,0,",,7,0900",,,0,",,7,0900",0,",,7,0900",,,82,",,7",67,",,7",74,",,7,0900",74.5
USC00366886,"PHILADELPHIA FRANKLIN INSTITUTE, PA US",39.95867,-75.1728,18.3,2016-07-05,,,,,,,,,0.55,",,7,0900",,,0,",,7,0900",0,",,7,0900",,,81,",,7",72,",,7",77,",,7,0900",76.5
USC00366886,"PHILADELPHIA FRANKLIN INSTITUTE, PA US",39.95867,-75.1728,18.3,2016-07-06,,,,,,,,,0,",,7,0900",,,0,",,7,0900",0,",,7,0900",,,90,",,7",72,",,7",86,",,7,0900",81
USC00366886,"PHILADELPHIA FRANKLIN INSTITUTE, PA US",39.95867,-75.1728,18.3,2016-07-07,,,,,,,,,0,",,7,0900",,,0,",,7,0900",0,",,7,0900",,,96,",,7",76,",,7",87,",,7,0900",86
USC00366886,"PHILADELPHIA FRANKLIN INSTITUTE, PA US",39.95867,-75.1728,18.3,2016-07-08,,,,,,,,,0,",,7,0900",,,0,",,7,0900",0,",,7,0900",,,96,",,7",78,",,7",,,87
USC00366886,"PHILADELPHIA FRANKLIN INSTITUTE, PA US",39.95867,-75.1728,18.3,2016-07-09,,,,,,,,,0,",,7,0900",,,0,",,7,0900",0,",,7,0900",,,96,",,7",74,",,7",,,85
USC00366886,"PHILADELPHIA FRANKLIN INSTITUTE, PA US",39.95867,-75.1728,18.3,2016-07-10,,,,,,,,,0.03,",,7,0900",,,0,",,7,0900",0,",,7,0900",,,81,",,7",71,",,7",76,",,7,0900",76
USC00366886,"PHILADELPHIA FRANKLIN INSTITUTE, PA US",39.95867,-75.1728,18.3,2016-07-11,,,,,,,,,0,",,7,0900",,,0,",,7,0900",0,",,7,0900",,,86,",,7",71,",,7",,,78.5
USC00366886,"PHILADELPHIA FRANKLIN INSTITUTE, PA US",39.95867,-75.1728,18.3,2016-07-12,,,,,,,,,0,",,7,0900",,,0,",,7,0900",0,",,7,0900",,,87,",,7",66,",,7",79,",,7,0900",76.5
USC00366886,"PHILADELPHIA FRANKLIN INSTITUTE, PA US",39.95867,-75.1728,18.3,2016-07-13,,,,,,,,,0,",,7,0900",,,0,",,7,0900",0,",,7,0900",,,89,",,7",73,",,7",78,",,7,0900",81
USC00366886,"PHILADELPHIA FRANKLIN INSTITUTE, PA US",39.95867,-75.1728,18.3,2016-07-14,,,,,,,,,0.63,",,7,0900",,,0,",,7,0900",0,",,7,0900",,,80,",,7",76,",,7",79,",,7,0900",78
USC00366886,"PHILADELPHIA FRANKLIN INSTITUTE, PA US",39.95867,-75.1728,18.3,2016-07-15,,,,,,,,,0,",,7,0900",,,0,",,7,0900",0,",,7,0900",,,95,",,7",79,",,7",87,",,7,0900",87
USC00366886,"PHILADELPHIA FRANKLIN INSTITUTE, PA US",39.95867,-75.1728,18.3,2016-07-16,,,,,,,,,0,",,7,0900",,,0,",,7,0900",0,",,7,0900",,,93,",,7",80,",,7",85,",,7,0900",86.5
USC00366886,"PHILADELPHIA FRANKLIN INSTITUTE, PA US",39.95867,-75.1728,18.3,2016-07-17,,,,,,,,,0,",,7,0900",,,0,",,7,0900",0,",,7,0900",,,95,",,7",74,",,7",83,",,7,0900",84.5
USC00366886,"PHILADELPHIA FRANKLIN INSTITUTE, PA US",39.95867,-75.1728,18.3,2016-07-18,,,,,,,,,0,",,7,0900",,,0,",,7,0900",0,",,7,0900",,,93,",,7",76,",,7",85,",,7,0900",84.5
USC00366886,"PHILADELPHIA FRANKLIN INSTITUTE, PA US",39.95867,-75.1728,18.3,2016-07-19,,,,,,,,,1.09,",,7,0900",,,0,",,7,0900",0,",,7,0900",,,96,",,7",72,",,7",81,",,7,0900",84
USC00366886,"PHILADELPHIA FRANKLIN INSTITUTE, PA US",39.95867,-75.1728,18.3,2016-07-20,,,,,,,,,0,",,7,0900",,,0,",,7,0900",0,",,7,0900",,,89,",,7",72,",,7",77,",,7,0900",80.5
USC00366886,"PHILADELPHIA FRANKLIN INSTITUTE, PA US",39.95867,-75.1728,18.3,2016-07-21,,,,,,,,,0,",,7,0900",,,0,",,7,0900",0,",,7,0900",,,88,",,7",72,",,7",83,",,7,0900",80
USC00366886,"PHILADELPHIA FRANKLIN INSTITUTE, PA US",39.95867,-75.1728,18.3,2016-07-22,,,,,,,,,0,",,7,0900",,,0,",,7,0900",0,",,7,0900",,,91,",,7",72,",,7",82,",,7,0900",81.5
USC00366886,"PHILADELPHIA FRANKLIN INSTITUTE, PA US",39.95867,-75.1728,18.3,2016-07-23,,,,,,,,,0,",,7,0900",,,0,",,7,0900",0,",,7,0900",,,95,",,7",79,",,7",88,",,7,0900",87
USC00366886,"PHILADELPHIA FRANKLIN INSTITUTE, PA US",39.95867,-75.1728,18.3,2016-07-24,,,,,,,,,0,",,7,0900",,,0,",,7,0900",0,",,7,0900",,,98,",,7",75,",,7",,,86.5
USC00366886,"PHILADELPHIA FRANKLIN INSTITUTE, PA US",39.95867,-75.1728,18.3,2016-07-25,,,,,,,,,1.01,",,7,0900",,,0,",,7,0900",0,",,7,0900",,,84,",,7",72,",,7",83,",,7,0900",78
USC00366886,"PHILADELPHIA FRANKLIN INSTITUTE, PA US",39.95867,-75.1728,18.3,2016-07-26,,,,,,,,,1.85,",,7,0900",,,0,",,7,0900",0,",,7,0900",,,97,",,7",72,",,7",82,",,7,0900",84.5
USC00366886,"PHILADELPHIA FRANKLIN INSTITUTE, PA US",39.95867,-75.1728,18.3,2016-07-27,,,,,,,,,0,",,7,0900",,,0,",,7,0900",0,",,7,0900",,,84,",,7",79,",,7",83,",,7,0900",81.5
USC00366886,"PHILADELPHIA FRANKLIN INSTITUTE, PA US",39.95867,-75.1728,18.3,2016-07-28,,,,,,,,,0,",,7,0900",,,0,",,7,0900",0,",,7,0900",,,88,",,7",77,",,7",88,",,7,0900",82.5
USC00366886,"PHILADELPHIA FRANKLIN INSTITUTE, PA US",39.95867,-75.1728,18.3,2016-07-29,,,,,,,,,0.8,",,Z,0900",,,0,",,7,0900",0,",,7,0900",,,94,",,7",72,",,7",,,83
USC00366886,"PHILADELPHIA FRANKLIN INSTITUTE, PA US",39.95867,-75.1728,18.3,2016-07-30,,,,,,,,,0,",,Z,0900",,,0,",,7,0900",0,",,7,0900",,,91,",,7",75,",,7",80,",,7,0900",83
USC00366886,"PHILADELPHIA FRANKLIN INSTITUTE, PA US",39.95867,-75.1728,18.3,2016-07-31,,,,,,,,,0.8,",,7,0900",,,,,,,,,91,",,7",75,",,7",80,",,7,0900",83
USC00366886,"PHILADELPHIA FRANKLIN INSTITUTE, PA US",39.95867,-75.1728,18.3,2016-08-01,,,,,,,,,0,",,7,0900",,,0,",,7,0900",0,",,7,0900",,,92,",,7",73,",,7",76,",,7,0900",82.5
USC00366886,"PHILADELPHIA FRANKLIN INSTITUTE, PA US",39.95867,-75.1728,18.3,2016-08-02,,,,,,,,,0.01,",,7,0900",,,0,",,7,0900",0,",,7,0900",,,78,",,7",73,",,7",74,",,7,0900",75.5
USC00366886,"PHILADELPHIA FRANKLIN INSTITUTE, PA US",39.95867,-75.1728,18.3,2016-08-03,,,,,,,,,0,",,7,0900",,,0,",,7,0900",0,",,7,0900",,,81,",,7",70,",,7",74,",,7,0900",75.5
USC00366886,"PHILADELPHIA FRANKLIN INSTITUTE, PA US",39.95867,-75.1728,18.3,2016-08-04,,,,,,,,,0,",,7,0900",,,0,",,7,0900",0,",,7,0900",,,84,",,7",67,",,7",75,",,7,0900",75.5
USC00366886,"PHILADELPHIA FRANKLIN INSTITUTE, PA US",39.95867,-75.1728,18.3,2016-08-05,,,,,,,,,0,",,7,0900",,,0,",,7,0900",0,",,7,0900",,,86,",,7",70,",,7",83,",,7,0900",78
USC00366886,"PHILADELPHIA FRANKLIN INSTITUTE, PA US",39.95867,-75.1728,18.3,2016-08-06,,,,,,,,,0,",,7,0900",,,0,",,7,0900",0,",,7,0900",,,86,",,7",70,",,7",83,",,7,0900",78
USC00366886,"PHILADELPHIA FRANKLIN INSTITUTE, PA US",39.95867,-75.1728,18.3,2016-08-07,,,,,,,,,0,",,7,0900",,,0,",,7,0900",0,",,7,0900",,,92,",,7",76,",,7",79,",,7,0900",84
USC00366886,"PHILADELPHIA FRANKLIN INSTITUTE, PA US",39.95867,-75.1728,18.3,2016-08-08,,,,,,,,,0,",,7,0900",,,0,",,7,0900",0,",,7,0900",,,90,",,7",71,",,7",79,",,7,0900",80.5
USC00366886,"PHILADELPHIA FRANKLIN INSTITUTE, PA US",39.95867,-75.1728,18.3,2016-08-09,,,,,,,,,0,",,7,0900",,,0,",,7,0900",0,",,7,0900",,,84,",,7",72,",,7",79,",,7,0900",78
USC00366886,"PHILADELPHIA FRANKLIN INSTITUTE, PA US",39.95867,-75.1728,18.3,2016-08-10,,,,,,,,,0,",,7,0900",,,0,",,7,0900",0,",,7,0900",,,92,",,7",72,",,7",81,",,7,0900",82
USC00366886,"PHILADELPHIA FRANKLIN INSTITUTE, PA US",39.95867,-75.1728,18.3,2016-08-11,,,,,,,,,0.31,,,,0,",,7,0900",0,",,7,0900",,,93,",,7",76,",,7",80,",,7,0900",84.5
USC00366886,"PHILADELPHIA FRANKLIN INSTITUTE, PA US",39.95867,-75.1728,18.3,2016-08-12,,,,,,,,,0.05,",,7,0900",,,0,",,7,0900",0,",,7,0900",,,95,",,7",79,",,7",87,",,7,0900",87
USC00366886,"PHILADELPHIA FRANKLIN INSTITUTE, PA US",39.95867,-75.1728,18.3,2016-08-13,,,,,,,,,0,",,7,0900",,,0,",,7,0900",0,",,7,0900",,,99,",,7",82,",,7",90,",,7,0900",90.5
USC00366886,"PHILADELPHIA FRANKLIN INSTITUTE, PA US",39.95867,-75.1728,18.3,2016-08-14,,,,,,,,,0,",,7,0900",,,0,",,7,0900",0,",,7,0900",,,99,",,7",82,",,7",,,90.5
USC00366886,"PHILADELPHIA FRANKLIN INSTITUTE, PA US",39.95867,-75.1728,18.3,2016-08-15,,,,,,,,,0,",,7,0900",,,0,",,7,0900",0,",,7,0900",,,98,",,7",76,",,7",83,",,7,0900",87
USC00366886,"PHILADELPHIA FRANKLIN INSTITUTE, PA US",39.95867,-75.1728,18.3,2016-08-16,,,,,,,,,0,",,7,0900",,,0,",,7,0900",0,",,7,0900",,,95,",,7",76,",,7",84,",,7,0900",85.5
USC00366886,"PHILADELPHIA FRANKLIN INSTITUTE, PA US",39.95867,-75.1728,18.3,2016-08-17,,,,,,,,,0.21,",,7,0900",,,0,",,7,0900",0,",,7,0900",,,95,",,7",77,",,7",85,",,7,0900",86
USC00366886,"PHILADELPHIA FRANKLIN INSTITUTE, PA US",39.95867,-75.1728,18.3,2016-08-18,,,,,,,,,0.19,",,7,0900",,,0,",,7,0900",0,",,7,0900",,,91,",,7",77,",,7",77,",,7,0900",84
USC00366886,"PHILADELPHIA FRANKLIN INSTITUTE, PA US",39.95867,-75.1728,18.3,2016-08-19,,,,,,,,,0,",,7,0900",,,0,",,7,0900",0,",,7,0900",,,90,",,7",74,",,7",80,",,7,0900",82
USC00366886,"PHILADELPHIA FRANKLIN INSTITUTE, PA US",39.95867,-75.1728,18.3,2016-08-20,,,,,,,,,0,",,7,0900",,,0,",,7,0900",0,",,7,0900",,,92,",,7",72,",,7",82,",,7,0900",82
USC00366886,"PHILADELPHIA FRANKLIN INSTITUTE, PA US",39.95867,-75.1728,18.3,2016-08-21,,,,,,,,,0,",,7,0900",,,0,",,7,0900",0,",,7,0900",,,92,",,7",74,",,7",85,",,7,0900",83
USC00366886,"PHILADELPHIA FRANKLIN INSTITUTE, PA US",39.95867,-75.1728,18.3,2016-08-22,,,,,,,,,1.15,",,7,0900",,,0,",,7,0900",0,",,7,0900",,,91,",,7",72,",,7",73,",,7,0900",81.5
USC00366886,"PHILADELPHIA FRANKLIN INSTITUTE, PA US",39.95867,-75.1728,18.3,2016-08-23,,,,,,,,,0,",,7,0900",,,0,",,7,0900",0,",,7,0900",,,82,",,7",62,",,7",73,",,7,0900",72
USC00366886,"PHILADELPHIA FRANKLIN INSTITUTE, PA US",39.95867,-75.1728,18.3,2016-08-24,,,,,,,,,0,",,7,0900",,,0,",,7,0900",0,",,7,0900",,,86,",,7",62,",,7",77,",,7,0900",74
USC00366886,"PHILADELPHIA FRANKLIN INSTITUTE, PA US",39.95867,-75.1728,18.3,2016-08-25,,,,,,,,,0,",,7,0900",,,0,",,7,0900",0,",,7,0900",,,87,",,7",69,",,7",78,",,7,0900",78
USC00366886,"PHILADELPHIA FRANKLIN INSTITUTE, PA US",39.95867,-75.1728,18.3,2016-08-26,,,,,,,,,0,"T,,7,0900",,,0,",,7,0900",0,",,7,0900",,,88,",,7",70,",,7",87,",,7,0900",79
USC00366886,"PHILADELPHIA FRANKLIN INSTITUTE, PA US",39.95867,-75.1728,18.3,2016-08-27,,,,,,,,,0,",,7,0900",,,0,",,7,0900",0,",,7,0900",,,94,",,7",75,",,7",82,",,7,0900",84.5
USC00366886,"PHILADELPHIA FRANKLIN INSTITUTE, PA US",39.95867,-75.1728,18.3,2016-08-28,,,,,,,,,0,",,7,0900",,,0,",,7,0900",0,",,7,0900",,,92,",,7",74,",,7",80,",,7,0900",83
USC00366886,"PHILADELPHIA FRANKLIN INSTITUTE, PA US",39.95867,-75.1728,18.3,2016-08-29,,,,,,,,,0,",,7,0900",,,0,",,7,0900",0,",,7,0900",,,93,",,7",73,",,7",,,83
USC00366886,"PHILADELPHIA FRANKLIN INSTITUTE, PA US",39.95867,-75.1728,18.3,2016-08-30,,,,,,,,,0,",,7,0900",,,0,",,7,0900",0,",,7,0900",,,95,",,7",71,",,7",77,",,7,0900",83
USC00366886,"PHILADELPHIA FRANKLIN INSTITUTE, PA US",39.95867,-75.1728,18.3,2016-08-31,,,,,,,,,0,",,7,0900",,,0,",,7,0900",0,",,7,0900",,,91,",,7",71,",,7",82,",,7,0900",81
USC00366886,"PHILADELPHIA FRANKLIN INSTITUTE, PA US",39.95867,-75.1728,18.3,2016-09-01,,,,,,,,,0.2,",,7,0900",,,0,",,7,0900",0,",,7,0900",,,,,73,",,7",74,",,7,0900",78
USC00366886,"PHILADELPHIA FRANKLIN INSTITUTE, PA US",39.95867,-75.1728,18.3,2016-09-02,,,,,,,,,0,",,7,0900",,,0,",,7,0900",0,",,7,0900",,,80,",,7",71,",,7",71,",,7,0900",75.5
USC00366886,"PHILADELPHIA FRANKLIN INSTITUTE, PA US",39.95867,-75.1728,18.3,2016-09-03,,,,,,,,,0,",,7,0900",,,0,",,7,0900",0,",,7,0900",,,82,",,7",64,",,7",,,73
USC00366886,"PHILADELPHIA FRANKLIN INSTITUTE, PA US",39.95867,-75.1728,18.3,2016-09-04,,,,,,,,,0,",,7,0900",,,0,",,7,0900",0,",,7,0900",,,78,",,7",68,",,7",71,",,7,0900",73
USC00366886,"PHILADELPHIA FRANKLIN INSTITUTE, PA US",39.95867,-75.1728,18.3,2016-09-05,,,,,,,,,0,",,7,0900",,,0,",,7,0900",0,",,7,0900",,,81,",,7",63,",,7",73,",,7,0900",72
USC00366886,"PHILADELPHIA FRANKLIN INSTITUTE, PA US",39.95867,-75.1728,18.3,2016-09-06,,,,,,,,,0,",,7,0900",,,0,",,7,0900",0,",,7,0900",,,87,",,7",64,",,7",78,",,7,0900",75.5
USC00366886,"PHILADELPHIA FRANKLIN INSTITUTE, PA US",39.95867,-75.1728,18.3,2016-09-07,,,,,,,,,0,",,7,0900",,,0,",,7,0900",0,",,7,0900",,,87,",,7",71,",,7",79,",,7,0900",79
USC00366886,"PHILADELPHIA FRANKLIN INSTITUTE, PA US",39.95867,-75.1728,18.3,2016-09-08,,,,,,,,,0,",,7,0900",,,0,",,7,0900",0,",,7,0900",,,91,",,7",72,",,7",81,",,7,0900",81.5
USC00366886,"PHILADELPHIA FRANKLIN INSTITUTE, PA US",39.95867,-75.1728,18.3,2016-09-09,,,,,,,,,0,",,7,0900",,,0,",,7,0900",0,",,7,0900",,,95,",,7",74,",,7",87,",,7,0900",84.5
USC00366886,"PHILADELPHIA FRANKLIN INSTITUTE, PA US",39.95867,-75.1728,18.3,2016-09-10,,,,,,,,,0,",,7,0900",,,0,",,7,0900",0,",,7,0900",,,95,",,7",81,",,7",,,88
USC00366886,"PHILADELPHIA FRANKLIN INSTITUTE, PA US",39.95867,-75.1728,18.3,2016-09-11,,,,,,,,,0,",,7,0900",,,0,",,7,0900",0,",,7,0900",,,,,79,",,7",82,",,7,0900",82
USC00366886,"PHILADELPHIA FRANKLIN INSTITUTE, PA US",39.95867,-75.1728,18.3,2016-09-12,,,,,,,,,0,",,7,0900",,,0,",,7,0900",0,",,7,0900",,,86,",,7",71,",,7",71,",,7,0900",78.5
USC00366886,"PHILADELPHIA FRANKLIN INSTITUTE, PA US",39.95867,-75.1728,18.3,2016-09-13,,,,,,,,,0,",,7,0900",,,0,",,7,0900",0,",,7,0900",,,84,",,7",64,",,7",73,",,7,0900",74
USC00366886,"PHILADELPHIA FRANKLIN INSTITUTE, PA US",39.95867,-75.1728,18.3,2016-09-14,,,,,,,,,0,",,7,0900",,,0,",,7,0900",0,",,7,0900",,,93,",,7",69,",,7",69,",,7,0900",81
USC00366886,"PHILADELPHIA FRANKLIN INSTITUTE, PA US",39.95867,-75.1728,18.3,2016-09-15,,,,,,,,,0,",,7,0900",,,0,",,7,0900",0,",,7,0900",,,77,",,7",65,",,7",67,",,7,0900",71
USC00366886,"PHILADELPHIA FRANKLIN INSTITUTE, PA US",39.95867,-75.1728,18.3,2016-09-16,,,,,,,,,0,",,7,0900",,,0,",,7,0900",0,",,7,0900",,,79,",,7",61,",,7",70,",,7,0900",70
USC00366886,"PHILADELPHIA FRANKLIN INSTITUTE, PA US",39.95867,-75.1728,18.3,2016-09-17,,,,,,,,,0,",,7,0900",,,0,",,7,0900",0,",,7,0900",,,79,",,7",61,",,7",,,70
USC00366886,"PHILADELPHIA FRANKLIN INSTITUTE, PA US",39.95867,-75.1728,18.3,2016-09-18,,,,,,,,,0,",,7,0900",,,0,",,7,0900",0,",,7,0900",,,84,",,7",61,",,7",74,",,7,0900",72.5
USC00366886,"PHILADELPHIA FRANKLIN INSTITUTE, PA US",39.95867,-75.1728,18.3,2016-09-19,,,,,,,,,1.44,",,7,0900",,,0,",,7,0900",0,",,7,0900",,,,,71,",,7",71,",,7,0900",71
USC00366886,"PHILADELPHIA FRANKLIN INSTITUTE, PA US",39.95867,-75.1728,18.3,2016-09-20,,,,,,,,,0.14,",,7,0900",,,0,",,7,0900",0,",,7,0900",,,77,",,7",68,",,7",71,",,7,0900",72.5
USC00366886,"PHILADELPHIA FRANKLIN INSTITUTE, PA US",39.95867,-75.1728,18.3,2016-09-21,,,,,,,,,0,"T,,7,0900",,,0,",,7,0900",0,",,7,0900",,,82,",,7",68,",,7",73,",,7,0900",75
USC00366886,"PHILADELPHIA FRANKLIN INSTITUTE, PA US",39.95867,-75.1728,18.3,2016-09-22,,,,,,,,,0,",,7,0900",,,0,",,7,0900",0,",,7,0900",,,84,",,7",68,",,7",74,",,7,0900",76
USC00366886,"PHILADELPHIA FRANKLIN INSTITUTE, PA US",39.95867,-75.1728,18.3,2016-09-23,,,,,,,,,0,",,7,0900",,,0,",,7,0900",0,",,7,0900",,,86,",,7",66,",,7",71,",,7,0900",76
USC00366886,"PHILADELPHIA FRANKLIN INSTITUTE, PA US",39.95867,-75.1728,18.3,2016-09-24,,,,,,,,,0,",,7,0900",,,0,",,7,0900",0,",,7,0900",,,,,63,",,7",63,",,7,0900",63
USC00366886,"PHILADELPHIA FRANKLIN INSTITUTE, PA US",39.95867,-75.1728,18.3,2016-09-25,,,,,,,,,0,",,7,0900",,,0,",,7,0900",0,",,7,0900",,,77,",,7",61,",,7",62,",,7,0900",69
USC00366886,"PHILADELPHIA FRANKLIN INSTITUTE, PA US",39.95867,-75.1728,18.3,2016-09-26,,,,,,,,,0,",,7,0900",,,0,",,7,0900",0,",,7,0900",,,75,",,7",53,",,7",63,",,7,0900",64
USC00366886,"PHILADELPHIA FRANKLIN INSTITUTE, PA US",39.95867,-75.1728,18.3,2016-09-27,,,,,,,,,0.09,",,7,0900",,,0,",,7,0900",0,",,7,0900",,,74,",,7",55,",,7",67,",,7,0900",64.5
USC00366886,"PHILADELPHIA FRANKLIN INSTITUTE, PA US",39.95867,-75.1728,18.3,2016-09-28,,,,,,,,,0,",,7,0900",,,0,",,7,0900",0,",,7,0900",,,77,",,7",60,",,7",65,",,7,0900",68.5
USC00366886,"PHILADELPHIA FRANKLIN INSTITUTE, PA US",39.95867,-75.1728,18.3,2016-09-29,,,,,,,,,0.23,",,7,0900",,,0,",,7,0900",0,",,7,0900",,,71,",,7",60,",,7",63,",,7,0900",65.5
USC00366886,"PHILADELPHIA FRANKLIN INSTITUTE, PA US",39.95867,-75.1728,18.3,2016-09-30,,,,,,,,,5.59,",Z,7,0900",,,0,",,7,0900",0,",,7,0900",,,64,",,7",59,",,7",59,",,7,0900",61.5
USC00366886,"PHILADELPHIA FRANKLIN INSTITUTE, PA US",39.95867,-75.1728,18.3,2016-10-01,,,,,,,,,0.17,",,7,0900",,,0,",,7,0900",0,",,7,0900",,,63,",,7",56,",,7",58,",,7,0900",59.5
USC00366886,"PHILADELPHIA FRANKLIN INSTITUTE, PA US",39.95867,-75.1728,18.3,2016-10-02,,,,,,,,,0.04,",,7,0900",,,0,",,7,0900",0,",,7,0900",,,63,",,7",57,",,7",60,",,7,0900",60
USC00366886,"PHILADELPHIA FRANKLIN INSTITUTE, PA US",39.95867,-75.1728,18.3,2016-10-03,,,,,,,,,0,"T,,7,0900",,,0,",,7,0900",0,",,7,0900",,,66,",,7",59,",,7",63,",,7,0900",62.5
USC00366886,"PHILADELPHIA FRANKLIN INSTITUTE, PA US",39.95867,-75.1728,18.3,2016-10-04,,,,,,,,,0,",,7,0900",,,0,",,7,0900",0,",,7,0900",,,76,",,7",59,",,7",64,",,7,0900",67.5
USC00366886,"PHILADELPHIA FRANKLIN INSTITUTE, PA US",39.95867,-75.1728,18.3,2016-10-05,,,,,,,,,0,",,7,0900",,,0,",,7,0900",0,",,7,0900",,,67,",,7",59,",,7",61,",,7,0900",63
USC00366886,"PHILADELPHIA FRANKLIN INSTITUTE, PA US",39.95867,-75.1728,18.3,2016-10-06,,,,,,,,,0,",,7,0900",,,0,",,7,0900",0,",,7,0900",,,70,",,7",55,",,7",61,",,7,0900",62.5
USC00366886,"PHILADELPHIA FRANKLIN INSTITUTE, PA US",39.95867,-75.1728,18.3,2016-10-07,,,,,,,,,0,",,7,0900",,,0,",,7,0900",0,",,7,0900",,,74,",,7",54,",,7",64,",,7,0900",64
USC00366886,"PHILADELPHIA FRANKLIN INSTITUTE, PA US",39.95867,-75.1728,18.3,2016-10-08,,,,,,,,,0,",,7,0900",,,0,",,7,0900",0,",,7,0900",,,76,",,7",55,",,7",63,",,7,0900",65.5
USC00366886,"PHILADELPHIA FRANKLIN INSTITUTE, PA US",39.95867,-75.1728,18.3,2016-10-09,,,,,,,,,0.89,,,,0,",,7,0900",0,",,7,0900",,,67,",,7",60,",,7",,,63.5
USC00366886,"PHILADELPHIA FRANKLIN INSTITUTE, PA US",39.95867,-75.1728,18.3,2016-10-10,,,2,",,7",1,",,7",,,0.45,,,,0,",,7,0900",0,",,7,0900",,,65,",,7",52,",,7",,,58.5
USC00366886,"PHILADELPHIA FRANKLIN INSTITUTE, PA US",39.95867,-75.1728,18.3,2016-10-11,,,,,,,,,0,",,7,0900",,,0,",,7,0900",0,",,7,0900",,,65,",,7",46,",,7",53,",,7,0900",55.5
USC00366886,"PHILADELPHIA FRANKLIN INSTITUTE, PA US",39.95867,-75.1728,18.3,2016-10-12,,,,,,,,,0,",,7,0900",,,0,",,7,0900",0,",,7,0900",,,66,",,7",47,",,7",,,56.5
USC00366886,"PHILADELPHIA FRANKLIN INSTITUTE, PA US",39.95867,-75.1728,18.3,2016-10-13,,,,,,,,,0,",,7,0900",,,0,",,7,0900",0,",,7,0900",,,71,",,7",50,",,7",60,",,7,0900",60.5
USC00366886,"PHILADELPHIA FRANKLIN INSTITUTE, PA US",39.95867,-75.1728,18.3,2016-10-14,,,,,,,,,0,"T,,7,0900",,,0,",,7,0900",0,",,7,0900",,,68,",,7",54,",,7",54,",,7,0900",61
USC00366886,"PHILADELPHIA FRANKLIN INSTITUTE, PA US",39.95867,-75.1728,18.3,2016-10-15,,,,,,,,,0,",,7,0900",,,0,",,7,0900",0,",,7,0900",,,66,",,7",48,",,7",52,",,7,0900",57
USC00366886,"PHILADELPHIA FRANKLIN INSTITUTE, PA US",39.95867,-75.1728,18.3,2016-10-16,,,,,,,,,0,",,7,0900",,,0,",,7,0900",0,",,7,0900",,,69,",,7",45,",,7",56,",,7,0900",57
USC00366886,"PHILADELPHIA FRANKLIN INSTITUTE, PA US",39.95867,-75.1728,18.3,2016-10-17,,,,,,,,,0,",,7,0900",,,0,",,7,0900",0,",,7,0900",,,72,",,7",52,",,7",62,",,7,0900",62
USC00366886,"PHILADELPHIA FRANKLIN INSTITUTE, PA US",39.95867,-75.1728,18.3,2016-10-18,,,,,,,,,0,",,7,0900",,,0,",,7,0900",0,",,7,0900",,,84,",,7",60,",,7",66,",,7,0900",72
USC00366886,"PHILADELPHIA FRANKLIN INSTITUTE, PA US",39.95867,-75.1728,18.3,2016-10-19,,,,,,,,,0,",,7,0900",,,0,",,7,0900",0,",,7,0900",,,84,",,7",65,",,7",72,",,7,0900",74.5
USC00366886,"PHILADELPHIA FRANKLIN INSTITUTE, PA US",39.95867,-75.1728,18.3,2016-10-20,,,,,,,,,0,",,7,0900",,,0,",,7,0900",0,",,7,0900",,,87,",,7",68,",,7",68,",,7,0900",77.5
USC00366886,"PHILADELPHIA FRANKLIN INSTITUTE, PA US",39.95867,-75.1728,18.3,2016-10-21,,,,,,,,,0,",,7,0900",,,0,",,7,0900",0,",,7,0900",,,80,",,7",64,",,7",68,",,7,0900",72
USC00366886,"PHILADELPHIA FRANKLIN INSTITUTE, PA US",39.95867,-75.1728,18.3,2016-10-22,,,,,,,,,0.4,",,7,0900",,,0,",,7,0900",0,",,7,0900",,,82,",,7",57,",,7",57,",,7,0900",69.5
USC00366886,"PHILADELPHIA FRANKLIN INSTITUTE, PA US",39.95867,-75.1728,18.3,2016-10-23,,,,,,,,,0,",,7,0900",,,0,",,7,0900",0,",,7,0900",,,57,",,7",49,",,7",51,",,7,0900",53
USC00366886,"PHILADELPHIA FRANKLIN INSTITUTE, PA US",39.95867,-75.1728,18.3,2016-10-24,,,,,,,,,0,",,7,0900",,,0,",,7,0900",0,",,7,0900",,,65,",,7",46,",,7",57,",,7,0900",55.5
USC00366886,"PHILADELPHIA FRANKLIN INSTITUTE, PA US",39.95867,-75.1728,18.3,2016-10-25,,,,,,,,,0,",,7,0900",,,0,",,7,0900",0,",,7,0900",,,65,",,7",47,",,7",50,",,7,0900",56
USC00366886,"PHILADELPHIA FRANKLIN INSTITUTE, PA US",39.95867,-75.1728,18.3,2016-10-26,,,,,,,,,0,",,7,0900",,,0,",,7,0900",0,",,7,0900",,,55,",,7",45,",,7",45,",,7,0900",50
USC00366886,"PHILADELPHIA FRANKLIN INSTITUTE, PA US",39.95867,-75.1728,18.3,2016-10-27,,,,,,,,,0,",,7,0900",,,0,",,7,0900",0,",,7,0900",,,53,",,7",38,",,7",46,",,7,0900",45.5
USC00366886,"PHILADELPHIA FRANKLIN INSTITUTE, PA US",39.95867,-75.1728,18.3,2016-10-28,,,,,,,,,0.33,",,7,0900",,,0,",,7,0900",0,",,7,0900",,,60,",,7",44,",,7",48,",,7,0900",52
USC00366886,"PHILADELPHIA FRANKLIN INSTITUTE, PA US",39.95867,-75.1728,18.3,2016-10-29,,,,,,,,,0,",,7,0900",,,0,",,7,0900",0,",,7,0900",,,59,",,7",45,",,7",47,",,7,0900",52
USC00366886,"PHILADELPHIA FRANKLIN INSTITUTE, PA US",39.95867,-75.1728,18.3,2016-10-30,,,,,,,,,0,",,7,0900",,,0,",,7,0900",0,",,7,0900",,,68,",,7",42,",,7",63,",,7,0900",55
USC00366886,"PHILADELPHIA FRANKLIN INSTITUTE, PA US",39.95867,-75.1728,18.3,2016-10-31,,,,,,,,,0.25,",,7,0900",,,,,,,,,68,",,7",42,",,7",48,",,7,0900",55
USC00366886,"PHILADELPHIA FRANKLIN INSTITUTE, PA US",39.95867,-75.1728,18.3,2016-11-01,,,,,,,,,0,",,7,0900",,,0,",,7,0900",0,",,7,0900",,,58,",,7",41,",,7",46,",,7,0900",49.5
USC00366886,"PHILADELPHIA FRANKLIN INSTITUTE, PA US",39.95867,-75.1728,18.3,2016-11-02,,,,,,,,,0,",,7,0900",,,0,",,7,0900",0,",,7,0900",,,60,",,7",41,",,7",55,",,7,0900",50.5
USC00366886,"PHILADELPHIA FRANKLIN INSTITUTE, PA US",39.95867,-75.1728,18.3,2016-11-03,,,,,,,,,0,",,7,0900",,,0,",,7,0900",0,",,7,0900",,,70,",,7",53,",,7",59,",,7,0900",61.5
USC00366886,"PHILADELPHIA FRANKLIN INSTITUTE, PA US",39.95867,-75.1728,18.3,2016-11-04,,,,,,,,,0,"T,,7,0900",,,0,",,7,0900",0,",,7,0900",,,72,",,7",57,",,7",57,",,7,0900",64.5
USC00366886,"PHILADELPHIA FRANKLIN INSTITUTE, PA US",39.95867,-75.1728,18.3,2016-11-05,,,,,,,,,0,",,7,0900",,,0,",,7,0900",0,",,7,0900",,,61,",,7",50,",,7",50,",,7,0900",55.5
USC00366886,"PHILADELPHIA FRANKLIN INSTITUTE, PA US",39.95867,-75.1728,18.3,2016-11-06,,,,,,,,,0,",,7,0900",,,0,",,7,0900",0,",,7,0900",,,66,",,7",43,",,7",44,",,7,0900",54.5
USC00366886,"PHILADELPHIA FRANKLIN INSTITUTE, PA US",39.95867,-75.1728,18.3,2016-11-07,,,,,,,,,0,",,7,0900",,,0,",,7,0900",0,",,7,0900",,,63,",,7",44,",,7",44,",,7,0900",53.5
USC00366886,"PHILADELPHIA FRANKLIN INSTITUTE, PA US",39.95867,-75.1728,18.3,2016-11-08,,,,,,,,,0,",,7,0900",,,0,",,7,0900",0,",,7,0900",,,57,",,7",39,",,7",53,",,7,0900",48
USC00366886,"PHILADELPHIA FRANKLIN INSTITUTE, PA US",39.95867,-75.1728,18.3,2016-11-09,,,,,,,,,0,"T,,7,0900",,,0,",,7,0900",0,",,7,0900",,,71,",,7",42,",,7",53,",,7,0900",56.5
USC00366886,"PHILADELPHIA FRANKLIN INSTITUTE, PA US",39.95867,-75.1728,18.3,2016-11-10,,,,,,,,,0.4,",,7,0900",,,0,",,7,0900",0,",,7,0900",,,56,",,7",47,",,7",47,",,7,0900",51.5
USC00366886,"PHILADELPHIA FRANKLIN INSTITUTE, PA US",39.95867,-75.1728,18.3,2016-11-11,,,,,,,,,0,",,7,0900",,,0,",,7,0900",0,",,7,0900",,,58,",,7",41,",,7",57,",,7,0900",49.5
USC00366886,"PHILADELPHIA FRANKLIN INSTITUTE, PA US",39.95867,-75.1728,18.3,2016-11-12,,,,,,,,,0,",,7,0900",,,0,",,7,0900",0,",,7,0900",,,63,",,7",43,",,7",43,",,7,0900",53
USC00366886,"PHILADELPHIA FRANKLIN INSTITUTE, PA US",39.95867,-75.1728,18.3,2016-11-13,,,,,,,,,0,",,7,0900",,,0,",,7,0900",0,",,7,0900",,,52,",,7",37,",,7",44,",,7,0900",44.5
USC00366886,"PHILADELPHIA FRANKLIN INSTITUTE, PA US",39.95867,-75.1728,18.3,2016-11-14,,,,,,,,,0,",,7,0900",,,0,",,7,0900",0,",,7,0900",,,62,",,7",38,",,7",47,",,7,0900",50
USC00366886,"PHILADELPHIA FRANKLIN INSTITUTE, PA US",39.95867,-75.1728,18.3,2016-11-15,,,,,,,,,0,"T,,7,0900",,,0,",,7,0900",0,",,7,0900",,,60,",,7",40,",,7",52,",,7,0900",50
USC00366886,"PHILADELPHIA FRANKLIN INSTITUTE, PA US",39.95867,-75.1728,18.3,2016-11-16,,,,,,,,,0,",,7,0900",,,0,",,7,0900",0,",,7,0900",,,63,",,7",48,",,7",53,",,7,0900",55.5
USC00366886,"PHILADELPHIA FRANKLIN INSTITUTE, PA US",39.95867,-75.1728,18.3,2016-11-17,,,,,,,,,0,",,7,0900",,,0,",,7,0900",0,",,7,0900",,,62,",,7",44,",,7",52,",,7,0900",53
USC00366886,"PHILADELPHIA FRANKLIN INSTITUTE, PA US",39.95867,-75.1728,18.3,2016-11-18,,,,,,,,,0,",,7,0900",,,0,",,7,0900",0,",,7,0900",,,62,",,7",49,",,7",52,",,7,0900",55.5
USC00366886,"PHILADELPHIA FRANKLIN INSTITUTE, PA US",39.95867,-75.1728,18.3,2016-11-19,,,,,,,,,0,",,7,0900",,,0,",,7,0900",0,",,7,0900",,,71,",,7",45,",,7",53,",,7,0900",58
USC00366886,"PHILADELPHIA FRANKLIN INSTITUTE, PA US",39.95867,-75.1728,18.3,2016-11-20,,,,,,,,,0,,,,0,",,7,0900",0,",,7,0900",,,73,",,7",37,",,7",,,55
USC00366886,"PHILADELPHIA FRANKLIN INSTITUTE, PA US",39.95867,-75.1728,18.3,2016-11-21,,,,,,,,,0,",,7,0900",,,0,",,7,0900",0,",,7,0900",,,44,",,7",37,",,7",40,",,7,0900",40.5
USC00366886,"PHILADELPHIA FRANKLIN INSTITUTE, PA US",39.95867,-75.1728,18.3,2016-11-22,,,,,,,,,0,",,7,0900",,,0,",,7,0900",0,",,7,0900",,,45,",,7",38,",,7",,,41.5
USC00366886,"PHILADELPHIA FRANKLIN INSTITUTE, PA US",39.95867,-75.1728,18.3,2016-11-23,,,,,,,,,0,",,7,0900",,,0,",,7,0900",0,",,7,0900",,,47,",,7",37,",,7",37,",,7,0900",42
USC00366886,"PHILADELPHIA FRANKLIN INSTITUTE, PA US",39.95867,-75.1728,18.3,2016-11-24,,,,,,,,,0,",,7,0900",,,0,",,7,0900",0,",,7,0900",,,50,",,7",33,",,7",,,41.5
USC00366886,"PHILADELPHIA FRANKLIN INSTITUTE, PA US",39.95867,-75.1728,18.3,2016-11-25,,,,,,,,,0,",,7,0900",,,0,",,7,0900",0,",,7,0900",,,55,",,7",40,",,7",48,",,7,0900",47.5
USC00366886,"PHILADELPHIA FRANKLIN INSTITUTE, PA US",39.95867,-75.1728,18.3,2016-11-26,,,,,,,,,0,",,7,0900",,,0,",,7,0900",0,",,7,0900",,,54,",,7",46,",,7",46,",,7,0900",50
USC00366886,"PHILADELPHIA FRANKLIN INSTITUTE, PA US",39.95867,-75.1728,18.3,2016-11-27,,,,,,,,,0,"T,,7,0900",,,0,",,7,0900",0,",,7,0900",,,51,",,7",42,",,7",43,",,7,0900",46.5
USC00366886,"PHILADELPHIA FRANKLIN INSTITUTE, PA US",39.95867,-75.1728,18.3,2016-11-28,,,,,,,,,0,",,7,0900",,,0,",,7,0900",0,",,7,0900",,,50,",,7",39,",,7",,,44.5
USC00366886,"PHILADELPHIA FRANKLIN INSTITUTE, PA US",39.95867,-75.1728,18.3,2016-11-29,,,,,,,,,0.24,",,7,0900",,,0,",,7,0900",0,",,7,0900",,,56,",,7",38,",,7",56,",,7,0900",47
USC00366886,"PHILADELPHIA FRANKLIN INSTITUTE, PA US",39.95867,-75.1728,18.3,2016-11-30,,,,,,,,,0.73,,,,0,",,7,0900",0,",,7,0900",,,60,",,7",48,",,7",,,54
USC00366886,"PHILADELPHIA FRANKLIN INSTITUTE, PA US",39.95867,-75.1728,18.3,2016-12-01,,,,,,,,,2.25,",,7,0900",,,0,",,7,0900",0,",,7,0900",,,60,",,7",55,",,7",55,",,7,0900",57.5
USC00366886,"PHILADELPHIA FRANKLIN INSTITUTE, PA US",39.95867,-75.1728,18.3,2016-12-02,,,,,,,,,0,",,7,0900",,,0,",,7,0900",0,",,7,0900",,,62,",,7",43,",,7",45,",,7,0900",52.5
USC00366886,"PHILADELPHIA FRANKLIN INSTITUTE, PA US",39.95867,-75.1728,18.3,2016-12-03,,,,,,,,,0,",,7,0900",,,0,",,7,0900",0,",,7,0900",,,52,",,7",40,",,7",44,",,7,0900",46
USC00366886,"PHILADELPHIA FRANKLIN INSTITUTE, PA US",39.95867,-75.1728,18.3,2016-12-04,,,,,,,,,0,",,7,0900",,,0,",,7,0900",0,",,7,0900",,,51,",,7",42,",,7",,,46.5
USC00366886,"PHILADELPHIA FRANKLIN INSTITUTE, PA US",39.95867,-75.1728,18.3,2016-12-05,,,,,,,,,0.15,",,7,0900",,,0,",,7,0900",0,",,7,0900",,,48,",,7",42,",,7",43,",,7,0900",45
USC00366886,"PHILADELPHIA FRANKLIN INSTITUTE, PA US",39.95867,-75.1728,18.3,2016-12-06,,,,,,,,,0,",,7,0900",,,0,",,7,0900",0,",,7,0900",,,52,",,7",38,",,7",41,",,7,0900",45
USC00366886,"PHILADELPHIA FRANKLIN INSTITUTE, PA US",39.95867,-75.1728,18.3,2016-12-07,,,,,,,,,0.86,",,7,0900",,,0,",,7,0900",0,",,7,0900",,,45,",,7",38,",,7",41,",,7,0900",41.5
USC00366886,"PHILADELPHIA FRANKLIN INSTITUTE, PA US",39.95867,-75.1728,18.3,2016-12-08,,,,,,,,,0,"T,,7,0900",,,0,",,7,0900",0,",,7,0900",,,47,",,7",40,",,7",40,",,7,0900",43.5
USC00366886,"PHILADELPHIA FRANKLIN INSTITUTE, PA US",39.95867,-75.1728,18.3,2016-12-09,,,,,,,,,0,",,7,0900",,,0,",,7,0900",0,",,7,0900",,,45,",,7",32,",,7",33,",,7,0900",38.5
USC00366886,"PHILADELPHIA FRANKLIN INSTITUTE, PA US",39.95867,-75.1728,18.3,2016-12-10,,,,,,,,,0,",,7,0900",,,0,",,7,0900",0,",,7,0900",,,38,",,7",30,",,7",32,",,7,0900",34
USC00366886,"PHILADELPHIA FRANKLIN INSTITUTE, PA US",39.95867,-75.1728,18.3,2016-12-11,,,,,,,,,0,",,7,0900",,,0,",,7,0900",0,",,7,0900",,,38,",,7",28,",,7",31,",,7,0900",33
USC00366886,"PHILADELPHIA FRANKLIN INSTITUTE, PA US",39.95867,-75.1728,18.3,2016-12-12,,,,,,,,,0.56,",,7,0900",,,0,",,7,0900",0,",,7,0900",,,35,",,7",29,",,7",34,",,7,0900",32
USC00366886,"PHILADELPHIA FRANKLIN INSTITUTE, PA US",39.95867,-75.1728,18.3,2016-12-13,,,,,,,,,0,",,7,0900",,,0,",,7,0900",0,",,7,0900",,,51,",,7",34,",,7",38,",,7,0900",42.5
USC00366886,"PHILADELPHIA FRANKLIN INSTITUTE, PA US",39.95867,-75.1728,18.3,2016-12-14,,,,,,,,,0,",,7,0900",,,0,",,7,0900",0,",,7,0900",,,45,",,7",36,",,7",37,",,7,0900",40.5
USC00366886,"PHILADELPHIA FRANKLIN INSTITUTE, PA US",39.95867,-75.1728,18.3,2016-12-15,,,,,,,,,0.02,",,7,0900",,,0.3,",,7,0900",0,"T,,7,0900",,,44,",,7",23,",,7",35,",,7,0900",33.5
USC00366886,"PHILADELPHIA FRANKLIN INSTITUTE, PA US",39.95867,-75.1728,18.3,2016-12-16,,,,,,,,,0,",,7,0900",,,0,",,7,0900",0,"T,,7,0900",,,37,",,7",18,",,7",19,",,7,0900",27.5
USC00366886,"PHILADELPHIA FRANKLIN INSTITUTE, PA US",39.95867,-75.1728,18.3,2016-12-17,,,,,,,,,0.55,",,7,0900",,,0.4,",,7,0900",0,"T,,7,0900",,,31,",,7",15,",,7",27,",,7,0900",23
USC00366886,"PHILADELPHIA FRANKLIN INSTITUTE, PA US",39.95867,-75.1728,18.3,2016-12-18,,,,,,,,,0.66,",,7,0900",,,0,",,7,0900",0,",,7,0900",,,40,",,7",25,",,7",,,32.5
USC00366886,"PHILADELPHIA FRANKLIN INSTITUTE, PA US",39.95867,-75.1728,18.3,2016-12-19,,,,,,,,,0,",,7,0900",,,0,",,7,0900",0,",,7,0900",,,60,",,7",35,",,7",35,",,7,0900",47.5
USC00366886,"PHILADELPHIA FRANKLIN INSTITUTE, PA US",39.95867,-75.1728,18.3,2016-12-20,,,,,,,,,0,",,7,0900",,,0,",,7,0900",0,",,7,0900",,,35,",,7",25,",,7",26,",,7,0900",30
USC00366886,"PHILADELPHIA FRANKLIN INSTITUTE, PA US",39.95867,-75.1728,18.3,2016-12-21,,,,,,,,,0,",,7,0900",,,0,",,7,0900",0,",,7,0900",,,36,",,7",21,",,7",33,",,7,0900",28.5
USC00366886,"PHILADELPHIA FRANKLIN INSTITUTE, PA US",39.95867,-75.1728,18.3,2016-12-22,,,,,,,,,0,",,7,0900",,,0,",,7,0900",0,",,7,0900",,,45,",,7",29,",,7",42,",,7,0900",37
USC00366886,"PHILADELPHIA FRANKLIN INSTITUTE, PA US",39.95867,-75.1728,18.3,2016-12-23,,,,,,,,,0,",,7,0900",,,0,",,7,0900",0,",,7,0900",,,53,",,7",36,",,7",38,",,7,0900",44.5
USC00366886,"PHILADELPHIA FRANKLIN INSTITUTE, PA US",39.95867,-75.1728,18.3,2016-12-24,,,,,,,,,0.37,",,7,0900",,,0,",,7,0900",0,",,7,0900",,,47,",,7",35,",,7",40,",,7,0900",41
USC00366886,"PHILADELPHIA FRANKLIN INSTITUTE, PA US",39.95867,-75.1728,18.3,2016-12-25,,,,,,,,,0.19,,,,0,",,7,0900",0,",,7,0900",,,47,",,7",38,",,7",,,42.5
USC00366886,"PHILADELPHIA FRANKLIN INSTITUTE, PA US",39.95867,-75.1728,18.3,2016-12-26,,,,,,,,,0,",,7,0900",,,0,",,7,0900",0,",,7,0900",,,50,",,7",37,",,7",38,",,7,0900",43.5
USC00366886,"PHILADELPHIA FRANKLIN INSTITUTE, PA US",39.95867,-75.1728,18.3,2016-12-27,,,,,,,,,0.05,",,7,0900",,,0,",,7,0900",0,",,7,0900",,,56,",,7",36,",,7",48,",,7,0900",46
USC00366886,"PHILADELPHIA FRANKLIN INSTITUTE, PA US",39.95867,-75.1728,18.3,2016-12-28,,,,,,,,,0,"T,,7,0900",,,0,",,7,0900",0,",,7,0900",,,64,",,7",48,",,7",48,",,7,0900",56
USC00366886,"PHILADELPHIA FRANKLIN INSTITUTE, PA US",39.95867,-75.1728,18.3,2016-12-29,,,,,,,,,0,",,7,0900",,,0,",,7,0900",0,",,7,0900",,,48,",,7",36,",,7",,,42
USC00366886,"PHILADELPHIA FRANKLIN INSTITUTE, PA US",39.95867,-75.1728,18.3,2016-12-30,,,,,,,,,0.41,",,7,0900",,,0,",,7,0900",0,",,7,0900",,,45,",,7",34,",,7",37,",,7,0900",39.5
USC00366886,"PHILADELPHIA FRANKLIN INSTITUTE, PA US",39.95867,-75.1728,18.3,2016-12-31,,,,,,,,,0,",,7,0900",,,0,",,7,0900",0,",,7,0900",,,42,",,7",34,",,7",35,",,7,0900",38
